time,PM2_5,PM10_0,CO,NO2,SO2,PM1_0,PM2_5_cal,PM10_0_cal,CO_cal,NO2_cal,SO2_cal,PM1_0_cal
2021-10-10 13:00:00,16.8,17.5,-2.9881,-0.4277,0.0219,15.9,27.0,28.0,0.207,0.0,0.001,15.9
2021-10-10 14:00:00,15.1,15.6,-2.9069,-0.4277,0.0201,14.2,13.0,16.0,0.219,0.0,0.0,14.2
2021-10-10 15:00:00,14.9,15.4,-2.0713,-0.4277,0.0155,14.0,12.0,12.0,0.22,0.0,0.002,14.0
2021-10-10 16:00:00,12.6,14.6,-4.1139,-0.4456,1.8654,12.0,11.0,12.0,0.244,0.0,0.0,12.0
2021-10-10 17:00:00,12.7,14.7,-4.1139,-0.4445,1.8352,12.0,12.0,12.0,0.318,0.0,0.002,12.0
2021-10-10 18:00:00,13.0,13.4,-2.6168,-0.4556,0.0046,12.5,8.0,9.0,0.321,0.0,0.002,12.5
2021-10-10 19:00:00,13.4,14.1,-2.0133,-0.4277,0.0112,12.7,4.0,4.0,0.243,0.0,0.001,12.7
2021-10-10 20:00:00,13.8,14.4,-2.0017,-0.4277,0.0026,13.2,9.0,9.0,0.228,0.0,0.001,13.2
2021-10-10 21:00:00,13.8,14.4,-2.0365,-0.4277,0.0125,13.2,7.0,7.0,0.219,0.0,0.002,13.2
2021-10-10 22:00:00,14.5,15.1,-1.9205,-0.4277,0.016,13.6,11.0,12.0,0.264,0.0,0.001,13.6
2021-10-10 23:00:00,13.2,14.6,44.1066,-0.4556,0.0051,12.4,5.0,5.0,0.182,0.0,0.001,12.4
2021-10-11 00:00:00,14.8,15.7,-2.1177,-0.4277,0.0074,13.9,11.0,12.0,0.192,0.0,0.001,13.9
2021-10-11 01:00:00,13.1,15.2,44.0254,-0.4556,-0.0137,12.2,9.0,9.0,0.165,0.0,0.001,12.2
2021-10-11 02:00:00,14.3,15.6,44.037,-0.4556,-0.0035,13.2,14.0,15.0,0.161,0.0,0.001,13.2
2021-10-11 03:00:00,16.7,18.1,-219.3361,-0.4825,-0.0045,15.8,31.0,35.0,0.177,0.0,0.001,15.8
2021-10-11 04:00:00,14.9,16.4,-217.4096,-0.4813,-0.0071,14.1,19.0,21.0,0.162,0.0,0.0,14.1
2021-10-11 05:00:00,18.1,19.1,-2.141,-0.4277,0.0059,17.1,32.0,34.0,0.198,0.0,0.001,17.1
2021-10-11 06:00:00,12.9,13.8,-2.0365,-0.4277,0.0064,12.1,2.0,2.0,0.224,0.0,0.001,12.1
2021-10-11 07:00:00,13.4,15.3,-2.1061,100.4204,-0.0208,12.6,10.0,11.0,0.435,0.0,0.001,12.6
2021-10-11 08:00:00,13.6,14.6,1.6888,-0.4724,-0.0187,12.6,8.0,8.0,0.59,0.0,0.001,12.6
2021-10-11 09:00:00,14.7,15.4,0.7488,-0.4724,-0.0299,13.9,17.0,17.0,0.523,0.0,0.002,13.9
2021-10-11 10:00:00,12.6,15.0,-3.1158,-0.5148,0.0406,11.9,10.0,12.0,0.457,0.0,0.0,11.9
2021-10-11 11:00:00,12.5,13.3,-2.0945,-0.4992,0.5514,12.0,10.0,12.0,0.506,0.0,0.001,12.0
2021-10-11 12:00:00,12.9,15.3,-3.1042,-0.516,0.046,11.8,12.0,14.0,0.463,0.0,0.002,11.8
2021-10-11 13:00:00,13.3,16.0,-3.023,-0.5148,0.0394,12.3,13.0,15.0,0.499,0.0,0.002,12.3
2021-10-11 14:00:00,12.7,13.3,-1.8972,-0.4568,0.0343,12.2,14.0,15.0,0.537,0.0,0.001,12.2
2021-10-11 15:00:00,12.8,15.3,-3.0114,-0.5137,0.0513,11.7,12.0,13.0,0.469,0.0,0.001,11.7
2021-10-11 16:00:00,12.0,14.7,0.0409,-0.44,0.2309,11.3,9.0,9.0,0.44,0.0,0.001,11.3
2021-10-11 17:00:00,12.6,13.2,-1.5723,-0.4568,0.0485,12.1,11.0,14.0,0.66,0.0,0.002,12.1
2021-10-11 18:00:00,15.3,15.1,-0.9688,-0.5428,0.051,14.5,8.0,9.0,1.055,0.0,0.005,14.5
2021-10-11 19:00:00,12.1,13.2,-1.4911,-0.4981,0.5603,11.7,9.0,10.0,0.707,0.0,0.003,11.7
2021-10-11 20:00:00,11.9,13.2,-1.8276,-0.4992,0.5638,11.4,13.0,14.0,0.523,0.0,0.002,11.4
2021-10-11 21:00:00,15.3,17.3,44.1298,-0.4556,0.0363,14.6,17.0,17.0,0.423,0.0,0.002,14.6
2021-10-11 22:00:00,14.1,16.0,43.7004,-0.4556,0.0061,13.2,14.0,15.0,0.281,0.0,0.002,13.2
2021-10-11 23:00:00,11.2,13.6,-2.4659,-0.4981,0.5397,10.6,16.0,16.0,0.218,0.0,0.0,10.6
2021-10-12 00:00:00,14.7,16.3,-2.9765,-0.5037,-0.0086,13.9,18.0,20.0,0.146,0.0,0.002,13.9
2021-10-12 01:00:00,14.7,17.0,-2.0597,-0.4724,-0.0591,13.6,22.0,24.0,0.125,0.0,0.001,13.6
2021-10-12 02:00:00,16.6,19.4,-215.2046,-0.4825,0.0074,15.4,31.0,37.0,0.204,0.0,0.0,15.4
2021-10-12 03:00:00,17.8,20.2,-215.0653,-0.4825,0.0041,17.0,36.0,45.0,0.235,0.0,0.0,17.0
2021-10-12 04:00:00,17.6,19.7,-1.375,-0.4713,-0.0568,16.3,33.0,40.0,0.193,0.0,0.001,16.3
2021-10-12 05:00:00,17.6,20.1,-210.3999,-0.4825,0.0064,16.8,36.0,44.0,0.263,0.0,0.0,16.8
2021-10-12 06:00:00,13.2,15.7,-2.9765,100.4137,-0.0482,12.2,32.0,37.0,0.259,0.0,0.0,12.2
2021-10-12 07:00:00,12.8,15.4,-1.375,-0.4825,0.0072,11.6,32.0,40.0,0.446,0.0,0.0,11.6
2021-10-12 08:00:00,12.4,15.1,-1.1429,-0.4825,0.0173,11.6,25.0,26.0,0.488,0.0,0.001,11.6
2021-10-12 09:00:00,12.8,15.8,-2.1177,-0.4266,0.0523,11.5,15.0,16.0,0.304,0.0,0.002,11.5
2021-10-12 10:00:00,11.0,13.7,-0.4698,100.4215,0.0483,10.3,21.0,22.0,0.403,0.0,0.002,10.3
2021-10-12 11:00:00,12.0,15.2,-2.5471,-0.4266,0.0419,11.0,19.0,19.0,0.345,0.0,0.002,11.0
2021-10-12 12:00:00,11.8,16.9,-3.3827,-0.5148,0.0254,10.5,18.0,19.0,0.313,0.0,0.001,10.5
2021-10-12 13:00:00,10.9,14.3,-2.9417,-0.4568,0.0105,10.1,11.0,11.0,0.113,0.0,0.001,10.1
2021-10-12 14:00:00,11.0,14.6,-2.6632,-0.4568,0.016,10.2,14.0,14.0,0.192,0.0,0.001,10.2
2021-10-12 15:00:00,11.0,14.6,-2.5007,-0.4556,0.0475,10.2,10.0,12.0,0.283,0.0,0.002,10.2
2021-10-12 16:00:00,10.2,15.9,-2.5239,-0.497,1.0865,9.2,13.0,13.0,0.237,0.0,0.001,9.2
2021-10-12 17:00:00,11.8,15.1,-1.8044,-0.44,0.1236,10.8,19.0,21.0,0.511,0.0,0.001,10.8
2021-10-12 18:00:00,12.0,14.9,2.6985,-0.4825,0.2553,10.9,17.0,20.0,0.968,0.0,0.006,10.9
2021-10-12 19:00:00,13.6,17.4,42.4006,-0.4556,0.0467,12.6,36.0,41.0,0.359,0.0,0.001,12.6
2021-10-12 20:00:00,12.9,16.2,42.4238,-0.4556,0.0307,11.8,39.0,45.0,0.307,0.0,0.001,11.8
2021-10-12 21:00:00,13.0,16.5,0.006,-0.4724,-0.0332,12.0,19.0,20.0,0.371,0.0,0.001,12.0
2021-10-12 22:00:00,12.0,15.5,42.2381,-0.4556,0.0158,11.2,15.0,16.0,0.179,0.0,0.0,11.2
2021-10-12 23:00:00,11.9,15.2,-1.5723,-0.4724,-0.0502,10.8,15.0,16.0,0.171,0.0,0.001,10.8
2021-10-13 00:00:00,13.0,16.4,-2.3034,-0.4713,-0.0631,12.1,17.0,18.0,0.104,0.0,0.001,12.1
2021-10-13 01:00:00,9.9,13.3,-2.5704,-0.4981,0.5628,9.2,26.0,29.0,0.165,0.0,0.001,9.2
2021-10-13 02:00:00,14.8,17.7,-2.8605,-0.4277,0.0282,13.8,27.0,28.0,0.176,0.0,0.001,13.8
2021-10-13 03:00:00,13.9,16.8,-2.9649,-0.4288,0.0259,13.1,24.0,27.0,0.143,0.0,0.002,13.1
2021-10-13 04:00:00,11.0,14.7,-3.2899,-0.4266,0.0358,10.2,26.0,29.0,0.175,0.0,0.001,10.2
2021-10-13 05:00:00,10.4,13.2,-2.4427,-0.4981,0.5653,9.8,28.0,30.0,0.245,0.0,0.002,9.8
2021-10-13 06:00:00,15.3,18.1,-220.0672,-0.4825,0.011,13.9,32.0,38.0,0.273,0.0,0.0,13.9
2021-10-13 07:00:00,12.5,15.4,-223.4212,-0.4836,0.0168,11.4,16.0,17.0,0.294,0.0,0.001,11.4
2021-10-13 08:00:00,12.5,15.6,-229.6417,-0.4825,0.0549,11.4,14.0,15.0,0.614,0.0,0.002,11.4
2021-10-13 09:00:00,12.9,15.4,-2.4659,-0.5417,-0.0015,12.2,5.0,6.0,0.324,0.0,0.001,12.2
2021-10-13 10:00:00,11.1,14.1,-2.2686,100.4081,0.0036,10.1,23.0,25.0,0.378,0.0,0.002,10.1
2021-10-13 11:00:00,13.7,16.1,-2.0945,-0.5417,0.0236,12.7,31.0,35.0,0.48,0.0,0.001,12.7
2021-10-13 12:00:00,11.0,14.4,-2.756,-0.5037,0.0485,10.0,8.0,8.0,0.323,0.0,0.002,10.0
2021-10-13 13:00:00,10.9,13.4,-2.8025,-0.4568,0.0211,10.2,8.0,9.0,0.286,0.0,0.002,10.2
2021-10-13 14:00:00,12.6,15.0,-2.4079,-0.5048,0.0597,11.8,14.0,17.0,0.556,0.0,0.001,11.8
2021-10-13 15:00:00,11.7,15.0,1.8861,-0.4411,0.2647,10.7,33.0,38.0,0.57,0.0,0.001,10.7
2021-10-13 16:00:00,20.6,21.4,-1.7812,-0.5405,0.034,19.5,33.0,38.0,0.667,0.0,0.002,19.5
2021-10-13 17:00:00,14.9,17.1,44.2923,-0.4556,0.0942,13.7,23.0,24.0,0.674,0.0,0.002,13.7
2021-10-13 18:00:00,22.2,22.5,-0.3885,-0.5417,0.1033,21.5,36.0,45.0,1.268,0.0,0.008,21.5
2021-10-13 19:00:00,17.6,17.7,-2.1177,-0.5417,0.0153,16.8,22.0,23.0,0.483,0.0,0.001,16.8
2021-10-13 20:00:00,13.6,15.6,-0.1332,-0.4724,-0.0202,12.7,24.0,26.0,0.325,0.0,0.002,12.7
2021-10-13 21:00:00,14.4,16.0,-2.8141,-0.4277,0.029,13.6,20.0,23.0,0.193,0.0,0.0,13.6
2021-10-13 22:00:00,14.6,16.4,-2.8721,-0.4288,0.031,13.9,18.0,21.0,0.158,0.0,0.0,13.9
2021-10-13 23:00:00,13.1,15.4,1.8397,-0.4813,0.1076,12.3,25.0,27.0,0.065,0.0,0.001,12.3
2021-10-14 00:00:00,11.1,14.6,-1.0152,-0.4266,0.0472,10.4,26.0,26.0,0.037,0.0,0.0,10.4
2021-10-14 01:00:00,11.2,14.6,-0.8295,-0.4266,0.0665,10.4,23.0,24.0,0.026,0.0,0.002,10.4
2021-10-14 02:00:00,12.4,14.7,2.0254,-0.4825,0.0774,11.5,8.0,8.0,0.044,0.0,0.0,11.5
2021-10-14 03:00:00,11.2,14.5,-0.5046,-0.4266,0.0627,10.4,6.0,6.0,0.039,0.0,0.0,10.4
2021-10-14 04:00:00,11.2,14.5,-0.3073,-0.4266,0.0477,10.4,10.0,10.0,0.052,0.0,0.002,10.4
2021-10-14 05:00:00,16.2,17.8,-207.9164,-0.4825,-0.0012,15.0,27.0,29.0,0.092,0.0,0.002,15.0
2021-10-14 06:00:00,13.2,15.0,-209.0421,-0.4825,-0.0002,12.3,12.0,13.0,0.158,0.0,0.0,12.3
2021-10-14 07:00:00,13.1,15.0,-210.9454,-0.4825,0.0084,12.1,14.0,14.0,0.286,0.0,0.001,12.1
2021-10-14 08:00:00,13.1,15.6,-216.957,-0.4825,0.0419,12.1,12.0,12.0,0.645,0.0,0.002,12.1
2021-10-14 09:00:00,11.1,13.6,-1.8972,100.4182,-0.006,10.4,7.0,8.0,0.408,0.0,0.0,10.4
2021-10-14 10:00:00,11.6,14.1,-222.957,-0.4825,0.0097,10.7,4.0,4.0,0.284,0.0,0.001,10.7
2021-10-14 11:00:00,10.1,14.1,-3.58,-0.5137,0.0244,9.0,4.0,4.0,0.259,0.0,0.001,9.0
2021-10-14 12:00:00,10.6,14.3,-3.6032,-0.5148,0.0229,9.6,5.0,6.0,0.283,0.0,0.002,9.6
2021-10-14 13:00:00,11.1,14.4,-3.7309,-0.5148,0.0122,10.1,5.0,5.0,0.208,0.0,0.0,10.1
2021-10-14 14:00:00,11.6,13.8,-1.0384,-0.4735,-0.0342,10.8,8.0,8.0,0.28,0.0,0.001,10.8
2021-10-14 15:00:00,12.7,14.2,-2.5123,-0.4288,0.0406,12.1,10.0,10.0,0.329,0.0,0.002,12.1
2021-10-14 16:00:00,12.2,14.4,-1.3286,-0.4713,-0.0431,11.5,10.0,11.0,0.246,0.0,0.0,11.5
2021-10-14 17:00:00,11.4,14.5,0.8184,-0.4411,0.2132,10.3,8.0,8.0,0.361,0.0,0.002,10.3
2021-10-14 18:00:00,13.7,14.7,-1.2822,-0.4277,0.0444,12.9,11.0,13.0,0.662,0.0,0.003,12.9
2021-10-14 19:00:00,26.7,32.2,2.1763,-0.44,0.2495,24.1,14.0,15.0,0.319,0.0,0.002,24.1
2021-10-14 20:00:00,14.4,15.5,-2.9185,-0.4277,0.0264,13.7,14.0,15.0,0.225,0.0,0.0,13.7
2021-10-14 21:00:00,13.6,14.3,-2.0133,-0.4277,0.0089,12.7,10.0,11.0,0.209,0.0,0.001,12.7
2021-10-14 22:00:00,14.6,15.6,-2.0017,-0.4277,0.0074,13.9,13.0,14.0,0.222,0.0,0.0,13.9
2021-10-14 23:00:00,11.2,14.5,-1.5491,-0.4266,0.0531,10.4,19.0,22.0,0.32,0.0,0.0,10.4
2021-10-15 00:00:00,11.1,14.4,-1.6999,-0.4266,0.0465,10.4,26.0,30.0,0.329,0.0,0.0,10.4
2021-10-15 01:00:00,15.3,15.8,-3.0578,-0.5048,0.0018,14.6,20.0,21.0,0.157,0.0,0.0,14.6
2021-10-15 02:00:00,12.1,13.9,-2.315,-0.4277,-0.0071,11.3,5.0,5.0,0.062,0.0,0.001,11.3
2021-10-15 03:00:00,12.8,13.3,-3.2319,-0.5037,0.0082,12.1,7.0,8.0,0.073,0.0,0.0,12.1
2021-10-15 04:00:00,12.0,12.5,-3.2783,-0.4568,-0.0124,11.6,7.0,7.0,0.076,0.0,0.002,11.6
2021-10-15 05:00:00,14.6,14.6,-2.9649,-0.5417,-0.0299,14.1,8.0,9.0,0.122,0.0,0.001,14.1
2021-10-15 06:00:00,13.2,13.3,-2.8489,-0.5428,-0.022,12.4,1.0,1.0,0.172,0.0,0.001,12.4
2021-10-15 07:00:00,14.6,14.6,-2.4775,-0.5428,0.0016,14.1,8.0,8.0,0.369,0.0,0.002,14.1
2021-10-15 08:00:00,14.6,14.6,-1.5491,-0.5428,0.0419,14.1,9.0,9.0,0.804,0.0,0.002,14.1
2021-10-15 09:00:00,15.3,15.1,-1.6999,-0.5417,0.0376,14.6,10.0,10.0,0.702,0.0,0.003,14.6
2021-10-15 10:00:00,14.4,15.5,-2.199,-0.5428,0.0087,13.6,10.0,10.0,0.498,0.0,0.001,13.6
2021-10-15 11:00:00,13.2,14.7,44.1066,-0.4556,0.0647,12.6,13.0,13.0,0.581,0.0,0.001,12.6
2021-10-15 12:00:00,13.6,15.3,-1.5723,-0.4277,0.0318,12.7,11.0,10.0,0.428,0.0,0.002,12.7
2021-10-15 13:00:00,13.4,14.3,-1.8044,-0.4277,0.0315,12.4,8.0,8.0,0.291,0.0,0.002,12.4
2021-10-15 14:00:00,13.3,14.2,-1.9553,-0.4277,0.016,12.7,7.0,7.0,0.275,0.0,0.0,12.7
2021-10-15 15:00:00,13.6,14.5,-2.315,-0.4288,0.0546,13.1,10.0,10.0,0.409,0.0,0.001,13.1
2021-10-15 16:00:00,13.1,14.6,-209.7036,-0.4813,0.0307,12.6,12.0,12.0,0.4,0.0,0.001,12.6
2021-10-15 18:00:00,11.2,14.3,-0.1448,-0.4266,0.1515,10.5,9.0,9.0,1.172,0.0,0.008,10.5
2021-10-15 18:00:00,11.2,14.3,-0.1448,-0.4266,0.1515,10.5,9.0,9.0,1.122,0.0,0.008,10.5
2021-10-15 18:00:00,13.4,14.1,-0.168,-0.4277,0.1274,12.8,9.0,9.0,1.172,0.0,0.008,12.8
2021-10-15 18:00:00,13.4,14.1,-0.168,-0.4277,0.1274,12.8,9.0,9.0,1.122,0.0,0.008,12.8
2021-10-15 19:00:00,11.1,14.2,0.0409,-0.4266,0.1426,10.4,7.0,8.0,0.601,0.0,0.003,10.4
2021-10-15 20:00:00,11.2,14.3,-1.1313,-0.4266,0.1089,10.5,7.0,7.0,0.247,0.0,0.001,10.5
2021-10-15 21:00:00,11.1,14.0,-1.433,-0.4411,0.1117,10.4,5.0,6.0,0.245,0.0,0.001,10.4
2021-10-15 22:00:00,11.5,13.4,-4.3344,-0.4445,0.7026,11.0,7.0,8.0,0.231,0.0,0.002,11.0
2021-10-15 23:00:00,12.1,12.6,-2.9417,-0.4568,0.0046,11.8,9.0,9.0,0.16,0.0,0.0,11.8
2021-10-16 00:00:00,13.4,13.9,-3.1158,-0.4288,0.0117,12.9,9.0,9.0,0.09,0.0,0.0,12.9
2021-10-16 01:00:00,12.3,12.6,-3.1738,-0.4568,-0.0068,11.9,9.0,9.0,0.087,0.0,0.001,11.9
2021-10-16 02:00:00,12.2,12.6,-3.2087,-0.4568,-0.0081,11.9,12.0,13.0,0.083,0.0,0.0,11.9
2021-10-16 20:00:00,12.6,13.6,-1.9205,-0.4266,0.0031,11.7,5.0,5.0,0.256,0.0,0.0,11.7
2021-10-16 20:00:00,12.6,13.6,-1.9205,-0.4266,0.0031,11.7,4.0,4.0,0.287,0.0,0.0,11.7
2021-10-16 20:00:00,11.6,12.4,-2.4543,-0.4992,0.5083,11.2,5.0,5.0,0.256,0.0,0.0,11.2
2021-10-16 20:00:00,11.6,12.4,-2.4543,-0.4992,0.5083,11.2,4.0,4.0,0.287,0.0,0.0,11.2
2021-10-16 21:00:00,10.9,13.2,-1.1429,-0.4836,0.0196,10.3,5.0,5.0,0.241,0.0,0.0,10.3
2021-10-16 22:00:00,10.8,13.2,-1.6187,-0.4836,-0.002,10.2,1.0,2.0,0.187,0.0,0.0,10.2
2021-10-16 23:00:00,10.8,13.2,-1.8392,-0.4836,-0.0154,10.2,0.0,0.0,0.157,0.0,0.0,10.2
2021-10-17 00:00:00,11.1,12.1,-3.0694,-0.4568,-0.0205,10.7,0.0,0.0,0.137,0.0,0.0,10.7
2021-10-17 01:00:00,11.1,13.1,-4.3228,-0.4445,0.7315,10.5,0.0,0.0,0.108,0.0,0.0,10.5
2021-10-17 02:00:00,11.0,13.1,-4.3344,-0.4456,0.7363,10.5,1.0,1.0,0.095,0.0,0.0,10.5
2021-10-17 11:00:00,10.7,13.9,0.0641,-0.4266,0.0576,10.0,4.0,4.0,0.32,0.0,0.002,10.0
2021-10-17 11:00:00,10.7,13.9,0.0641,-0.4266,0.0576,10.0,4.0,5.0,0.319,0.0,0.0,10.0
2021-10-17 11:00:00,9.5,12.7,-2.4427,-0.4981,0.5582,8.9,4.0,4.0,0.32,0.0,0.002,8.9
2021-10-17 11:00:00,9.5,12.7,-2.4427,-0.4981,0.5582,8.9,4.0,5.0,0.319,0.0,0.0,8.9
2021-10-17 12:00:00,10.6,13.8,-0.0752,-0.4266,0.096,9.9,7.0,7.0,0.383,0.0,0.0,9.9
2021-10-17 13:00:00,10.6,13.8,-0.5394,-0.4266,0.0909,9.9,7.0,8.0,0.368,0.0,0.0,9.9
2021-10-17 14:00:00,12.8,14.6,-2.5355,-0.5417,-0.0202,12.2,4.0,5.0,0.302,0.0,0.0,12.2
2021-10-17 15:00:00,12.8,14.6,-2.4543,-0.5417,-0.0202,12.2,7.0,7.0,0.333,0.0,0.0,12.2
2021-10-17 16:00:00,10.4,12.7,-1.7348,-0.4568,0.0526,9.9,9.0,9.0,0.676,0.0,0.001,9.9
2021-10-17 17:00:00,10.5,12.7,-1.6419,-0.4556,0.0546,9.9,16.0,17.0,0.695,0.0,0.002,9.9
2021-10-17 18:00:00,10.4,12.6,-1.6767,-0.4568,0.0543,9.8,25.0,27.0,0.705,0.0,0.001,9.8
2021-10-17 19:00:00,10.4,12.6,-1.8508,-0.4568,0.0508,9.9,25.0,28.0,0.596,0.0,0.001,9.9
2021-10-17 20:00:00,10.4,12.4,-2.5471,-0.4556,0.0203,9.9,19.0,20.0,0.323,0.0,0.001,9.9
2021-10-17 21:00:00,10.5,12.2,-2.5936,-0.4568,0.0089,10.0,12.0,14.0,0.312,0.0,0.001,10.0
2021-10-17 22:00:00,12.6,14.8,-2.6864,-0.4288,0.0328,11.6,11.0,10.0,0.269,0.0,0.0,11.6
2021-10-17 23:00:00,12.8,14.4,-2.8257,-0.4288,0.0206,12.0,15.0,15.0,0.208,0.0,0.001,12.0
2021-10-18 00:00:00,12.7,14.4,-3.023,-0.4288,0.0176,11.9,10.0,10.0,0.138,0.0,0.001,11.9
2021-10-18 01:00:00,12.3,14.1,-3.081,-0.4288,0.0122,11.4,11.0,12.0,0.11,0.0,0.0,11.4
2021-10-18 02:00:00,11.7,13.3,-3.139,-0.5037,0.0013,11.0,19.0,21.0,0.134,0.0,0.0,11.0
2021-10-18 03:00:00,11.0,12.6,-3.1506,-0.5037,0.0066,10.1,16.0,16.0,0.124,0.0,0.001,10.1
2021-10-18 04:00:00,12.4,14.5,41.948,-0.4556,-0.0017,11.5,10.0,10.0,0.103,0.0,0.0,11.5
2021-10-18 05:00:00,11.9,13.7,41.8435,-0.4556,-0.0104,11.3,11.0,12.0,0.117,0.0,0.0,11.3
2021-10-18 06:00:00,12.3,13.9,41.9596,-0.4556,-0.0035,11.8,10.0,12.0,0.178,0.0,0.0,11.8
2021-10-18 07:00:00,12.2,13.9,-2.9998,-0.5037,0.0064,11.1,10.0,11.0,0.26,0.0,0.0,11.1
2021-10-18 13:00:00,11.4,12.1,-2.7793,-0.4568,0.0059,11.0,10.0,11.0,0.307,0.0,0.0,11.0
2021-10-18 13:00:00,11.4,12.1,-2.7793,-0.4568,0.0059,11.0,9.0,10.0,0.267,0.0,0.0,11.0
2021-10-18 13:00:00,13.0,13.8,-1.874,-0.4277,0.0069,12.1,10.0,11.0,0.307,0.0,0.0,12.1
2021-10-18 13:00:00,13.0,13.8,-1.874,-0.4277,0.0069,12.1,9.0,10.0,0.267,0.0,0.0,12.1
2021-10-18 14:00:00,13.0,13.8,-2.6052,-0.4288,0.034,12.5,11.0,13.0,0.319,0.0,0.001,12.5
2021-10-18 15:00:00,11.5,12.0,-2.6284,-0.4568,-0.0002,11.1,8.0,9.0,0.306,0.0,0.001,11.1
2021-10-18 16:00:00,11.5,12.0,-2.3731,-0.4568,0.0214,11.2,9.0,9.0,0.443,0.0,0.001,11.2
2021-10-18 17:00:00,12.4,13.2,-1.4098,-0.4277,0.0391,11.8,5.0,7.0,0.52,0.0,0.001,11.8
2021-10-18 18:00:00,11.4,13.2,8.2691,-0.4724,0.0802,10.6,14.0,15.0,1.44,0.0,0.008,10.6
2021-10-18 19:00:00,13.7,15.2,6.6443,-0.4724,0.0483,12.5,17.0,18.0,1.142,0.0,0.005,12.5
2021-10-18 20:00:00,11.1,13.0,3.0699,-0.4724,0.0127,10.3,9.0,9.0,0.652,0.0,0.001,10.3
2021-10-18 21:00:00,11.2,13.0,-1.9901,-0.4992,0.5582,10.7,12.0,14.0,0.471,0.0,0.001,10.7
2021-10-18 22:00:00,13.5,15.2,43.0273,-0.4568,0.0462,12.7,15.0,17.0,0.394,0.0,0.001,12.7
2021-10-18 23:00:00,13.6,15.2,42.8416,-0.4568,0.0305,12.7,18.0,19.0,0.291,0.0,0.002,12.7
2021-10-19 00:00:00,14.0,15.8,42.83,-0.4556,0.0262,12.8,21.0,22.0,0.281,0.0,0.002,12.8
2021-10-19 01:00:00,14.4,16.2,42.8184,-0.4556,0.0371,13.7,26.0,28.0,0.238,0.0,0.001,13.7
2021-10-19 02:00:00,14.3,14.9,-2.8489,-0.5037,0.0361,13.5,37.0,44.0,0.295,0.0,0.001,13.5
2021-10-19 03:00:00,19.5,22.1,-2.2222,-0.4825,0.0137,18.5,39.0,49.0,0.276,0.0,0.002,18.5
2021-10-19 04:00:00,13.3,14.0,-2.9185,-0.5037,0.0422,12.7,33.0,37.0,0.229,0.0,0.001,12.7
2021-10-19 05:00:00,16.8,18.9,-2.2918,-0.4813,0.045,15.7,32.0,36.0,0.292,0.0,0.001,15.7
2021-10-19 06:00:00,14.8,17.0,-204.2607,-0.4825,0.0269,13.7,22.0,24.0,0.372,0.0,0.002,13.7
2021-10-19 07:00:00,16.6,18.4,-205.9667,-0.4825,0.0549,16.0,30.0,35.0,0.599,0.0,0.001,16.0
2021-10-19 08:00:00,16.3,17.4,-1.1429,-0.4277,0.1109,15.6,26.0,28.0,0.873,0.0,0.004,15.6
2021-10-19 09:00:00,14.9,16.3,-0.992,-0.4277,0.1259,13.8,17.0,18.0,0.931,0.0,0.001,13.8
2021-10-19 10:00:00,18.0,18.8,-1.1081,-0.5417,0.0932,17.3,28.0,30.0,0.917,0.0,0.002,17.3
2021-10-19 11:00:00,12.0,12.9,-1.5375,-0.4579,0.0797,11.6,41.0,51.0,0.747,0.0,0.002,11.6
2021-10-19 12:00:00,12.3,13.3,-1.5027,-0.4579,0.0899,11.8,47.0,59.0,0.663,0.0,0.001,11.8
2021-10-19 13:00:00,12.5,13.7,-2.1642,-0.4579,0.0713,12.0,38.0,45.0,0.328,0.0,0.001,12.0
2021-10-19 14:00:00,11.6,14.0,-2.0829,-0.4992,0.7914,11.0,39.0,48.0,0.322,0.0,0.0,11.0
2021-10-19 15:00:00,22.4,24.6,-2.0481,-0.5417,0.0614,21.3,41.0,48.0,0.449,0.0,0.002,21.3
2021-10-19 16:00:00,11.7,13.9,-1.2938,-0.4981,0.8317,11.0,42.0,50.0,0.702,0.0,0.002,11.0
2021-10-19 17:00:00,19.8,22.4,44.8261,-0.4556,0.1391,18.7,43.0,54.0,1.183,0.0,0.004,18.7
2021-10-19 18:00:00,22.6,25.1,46.8223,-0.4556,0.2601,21.7,53.0,66.0,1.87,0.0,0.008,21.7
2021-10-19 19:00:00,14.4,15.6,0.2614,-0.5037,0.2512,13.4,63.0,72.0,1.927,0.0,0.013,13.4
2021-10-19 20:00:00,14.0,15.2,-0.9804,-0.5048,0.186,13.0,69.0,75.0,1.302,0.0,0.006,13.0
2021-10-19 21:00:00,12.2,13.5,0.2382,-0.4992,0.8262,11.7,72.0,79.0,1.519,0.0,0.01,11.7
2021-10-19 22:00:00,31.8,34.5,4.625,-0.4825,0.3454,29.4,85.0,91.0,2.023,0.0,0.016,29.4
2021-10-19 23:00:00,31.0,33.4,3.6037,-0.4825,0.2835,28.8,82.0,89.0,1.435,0.0,0.007,28.8
2021-10-20 00:00:00,28.7,31.2,-2.2106,-0.5037,0.2094,27.4,93.0,99.0,1.742,0.0,0.006,27.4
2021-10-20 01:00:00,30.1,32.0,44.5476,-0.4568,0.1033,29.0,84.0,91.0,0.845,0.0,0.001,29.0
2021-10-20 02:00:00,36.6,38.8,-0.5974,-0.4813,0.0878,34.7,81.0,87.0,0.584,0.0,0.001,34.7
2021-10-20 03:00:00,31.6,33.5,-231.5334,-0.4825,0.063,29.6,77.0,84.0,0.458,0.0,0.001,29.6
2021-10-20 04:00:00,30.5,32.5,-231.4406,-0.4813,0.047,28.3,71.0,78.0,0.356,0.0,0.001,28.3
2021-10-20 05:00:00,12.5,13.4,-1.9553,-0.4981,0.6851,12.0,71.0,78.0,0.401,0.0,0.001,12.0
2021-10-20 06:00:00,28.8,30.2,-1.6071,-0.4277,0.0929,26.7,73.0,81.0,0.595,0.0,0.001,26.7
2021-10-20 07:00:00,39.3,41.0,-0.8876,-0.4288,0.1383,36.8,112.0,122.0,0.926,0.0,0.002,36.8
2021-10-20 08:00:00,12.7,14.0,-0.8179,-0.4579,0.1482,12.2,86.0,94.0,1.163,0.0,0.006,12.2
2021-10-20 09:00:00,19.4,22.3,1.3175,-0.4735,0.017,18.0,48.0,61.0,0.491,0.0,0.002,18.0
2021-10-20 10:00:00,20.0,23.1,-0.2145,-0.4735,0.0003,18.3,42.0,53.0,0.25,0.0,0.001,18.3
2021-10-20 11:00:00,19.9,23.3,-1.0384,-0.4724,-0.0421,18.3,38.0,46.0,0.185,0.0,0.0,18.3
2021-10-20 12:00:00,20.7,24.0,-0.876,-0.4724,-0.0266,19.2,41.0,50.0,0.227,0.0,0.0,19.2
2021-10-20 13:00:00,17.7,20.4,-2.9998,-0.5048,0.1251,16.5,29.0,32.0,0.139,0.0,0.001,16.5
2021-10-20 14:00:00,12.8,18.2,-2.0829,-0.4847,0.1964,11.7,20.0,22.0,0.125,0.0,0.0,11.7
2021-10-20 15:00:00,14.9,18.0,-2.8837,-0.5048,0.0757,13.7,23.0,24.0,0.148,0.0,0.0,13.7
2021-10-20 16:00:00,14.1,17.4,-2.6632,-0.5048,0.1079,13.2,28.0,29.0,0.346,0.0,0.001,13.2
2021-10-20 17:00:00,15.0,17.5,-3.2087,-0.5048,0.0779,13.7,27.0,28.0,0.357,0.0,0.001,13.7
2021-10-20 18:00:00,17.5,20.6,43.8977,-0.4556,0.119,16.1,33.0,38.0,0.743,0.0,0.004,16.1
2021-10-20 19:00:00,20.5,22.5,-1.6651,-0.5428,0.0731,19.3,36.0,44.0,0.649,0.0,0.004,19.3
2021-10-20 20:00:00,20.7,22.2,-2.0481,-0.5428,0.0518,19.5,36.0,43.0,0.426,0.0,0.003,19.5
2021-10-20 21:00:00,20.8,22.0,-2.3963,-0.5428,0.0188,19.7,38.0,46.0,0.292,0.0,0.001,19.7
2021-10-20 22:00:00,21.6,23.6,43.6192,-0.4556,0.0551,20.7,46.0,58.0,0.387,0.0,0.001,20.7
2021-10-20 23:00:00,26.1,27.2,-2.2454,-0.5417,0.0363,25.1,49.0,63.0,0.345,0.0,0.001,25.1
2021-10-21 00:00:00,27.3,28.1,-2.4543,-0.5405,0.0143,26.2,50.0,63.0,0.255,0.0,0.002,26.2
2021-10-21 01:00:00,25.2,26.5,-2.7328,-0.4288,0.0386,23.4,55.0,69.0,0.218,0.0,0.001,23.4
2021-10-21 02:00:00,24.9,26.2,-2.7676,-0.4288,0.045,23.5,53.0,66.0,0.212,0.0,0.002,23.5
2021-10-21 03:00:00,26.0,27.4,-2.7909,-0.4277,0.0371,24.3,54.0,67.0,0.208,0.0,0.001,24.3
2021-10-21 04:00:00,25.0,26.1,-2.8837,-0.4277,0.0381,24.0,51.0,64.0,0.426,0.202,0.003,24.0
2021-10-21 05:00:00,24.7,26.0,-1.3982,-0.4735,-0.0357,22.9,51.0,66.0,0.267,0.0,0.004,22.9
2021-10-21 06:00:00,26.4,26.8,-2.3266,-0.5405,0.0274,25.5,50.0,63.0,0.374,0.0,0.002,25.5
2021-10-21 07:00:00,12.6,14.0,-2.315,-0.4579,0.0701,12.1,48.0,60.0,0.563,0.0,0.001,12.1
2021-10-21 08:00:00,20.6,23.2,-268.369,-0.4836,0.0952,19.5,41.0,49.0,0.758,0.0,0.003,19.5
2021-10-21 09:00:00,11.5,14.8,-254.0363,-0.478,0.0358,10.5,4.0,5.0,0.395,0.0,0.001,10.5
2021-10-21 10:00:00,11.7,14.2,-204.9918,-0.4813,0.0094,10.9,4.0,4.0,0.343,0.0,0.002,10.9
2021-10-21 11:00:00,11.7,13.4,-2.8721,-0.5037,0.0254,11.0,5.0,5.0,0.389,0.0,0.002,11.0
2021-10-21 12:00:00,11.7,14.2,-211.4444,-0.4825,-0.0033,10.9,8.0,8.0,0.375,0.0,0.003,10.9
2021-10-21 13:00:00,10.5,14.6,-2.4427,-0.4825,0.0437,9.4,1.0,1.0,0.297,0.0,0.0,9.4
2021-10-21 14:00:00,10.8,15.0,-2.257,-0.4825,0.0434,9.7,3.0,3.0,0.351,0.0,0.001,9.7
2021-10-21 15:00:00,9.9,12.8,-2.1758,-0.4981,0.6019,9.2,3.0,4.0,0.497,0.0,0.001,9.2
2021-10-21 16:00:00,10.9,13.9,42.3658,-0.4556,-0.0131,9.9,4.0,5.0,0.419,0.0,0.002,9.9
2021-10-21 17:00:00,9.9,12.7,-1.8624,-0.4981,0.6057,9.3,9.0,9.0,0.672,0.0,0.001,9.3
2021-10-21 18:00:00,11.1,14.5,0.9461,-0.4266,0.185,10.4,8.0,9.0,0.633,0.0,0.001,10.4
2021-10-21 19:00:00,13.8,16.6,42.8764,-0.4568,0.0414,12.6,19.0,19.0,0.668,0.0,0.002,12.6
2021-10-21 20:00:00,12.9,15.4,-2.3382,-0.4288,0.0429,11.9,15.0,17.0,0.439,0.0,0.002,11.9
2021-10-21 21:00:00,13.8,16.0,-2.4427,-0.4277,0.0427,12.7,18.0,20.0,0.409,0.0,0.001,12.7
2021-10-21 22:00:00,14.7,16.7,-2.5704,-0.4277,0.0343,13.7,23.0,25.0,0.352,0.0,0.001,13.7
2021-10-21 23:00:00,10.0,12.5,-2.5936,-0.4992,0.5384,9.5,10.0,10.0,0.231,0.0,0.001,9.5
2021-10-22 00:00:00,10.4,12.3,-2.8141,-0.4568,-0.0106,9.9,23.0,26.0,0.231,0.0,0.0,9.9
2021-10-22 01:00:00,12.0,14.3,-3.0694,-0.5037,0.0107,11.4,13.0,16.0,0.153,0.0,0.0,11.4
2021-10-22 02:00:00,10.2,13.0,-2.8025,-0.4981,0.5298,9.6,8.0,8.0,0.115,0.0,0.001,9.6
2021-10-22 03:00:00,11.6,14.1,-3.139,-0.5037,0.0008,10.7,14.0,16.0,0.138,0.0,0.001,10.7
2021-10-22 04:00:00,10.3,12.2,-3.0346,-0.4568,-0.0152,9.8,17.0,18.0,0.166,0.0,0.001,9.8
2021-10-22 05:00:00,11.2,13.5,-3.139,-0.5037,-0.0088,10.5,9.0,9.0,0.138,0.0,0.001,10.5
2021-10-22 06:00:00,10.7,13.4,-200.106,-0.4825,-0.0033,9.9,6.0,6.0,0.19,0.0,0.001,9.9
2021-10-22 07:00:00,11.0,13.5,-2.9185,-0.5037,0.0099,10.3,9.0,9.0,0.293,0.0,0.001,10.3
2021-10-22 08:00:00,9.6,12.3,-2.0365,-0.4981,0.5501,9.0,10.0,11.0,0.56,0.0,0.002,9.0
2021-10-22 09:00:00,9.4,12.2,-2.3963,-0.4981,0.5407,8.8,9.0,10.0,0.371,0.0,0.002,8.8
2021-10-22 10:00:00,10.8,14.8,-1.7232,-0.4825,0.0505,9.9,8.0,9.0,0.299,0.0,0.0,9.9
2021-10-22 11:00:00,9.2,12.4,-2.3963,-0.4992,0.5415,8.6,9.0,10.0,0.368,0.0,0.001,8.6
2021-10-22 12:00:00,11.6,14.4,-0.0868,-0.4724,-0.0659,10.5,10.0,12.0,0.297,0.0,0.0,10.5
2021-10-22 13:00:00,10.5,14.1,-1.9205,-0.4277,0.047,9.8,5.0,5.0,0.141,0.0,0.0,9.8
2021-10-22 14:00:00,10.4,14.0,-1.9669,-0.4277,-0.0038,9.6,6.0,6.0,0.266,0.0,0.0,9.6
2021-10-22 15:00:00,10.7,15.1,-1.9553,-0.4411,0.0947,9.4,11.0,11.0,0.25,0.0,0.0,9.4
2021-10-22 16:00:00,11.4,14.8,-205.5141,-0.4825,0.0165,10.4,14.0,15.0,0.452,0.0,0.001,10.4
2021-10-22 17:00:00,12.2,15.5,-1.6767,-0.4277,0.0691,11.3,22.0,23.0,0.649,0.0,0.001,11.3
2021-10-22 18:00:00,13.3,17.4,-0.2029,-0.4411,0.1066,12.2,32.0,40.0,0.706,0.0,0.001,12.2
2021-10-22 19:00:00,17.6,20.5,-2.3266,-0.5428,-0.001,16.6,35.0,41.0,0.512,0.0,0.001,16.6
2021-10-22 20:00:00,14.4,17.8,-2.5471,-0.4277,0.048,13.2,47.0,56.0,0.424,0.0,0.001,13.2
2021-10-22 21:00:00,17.7,21.0,-195.3361,-0.4825,0.0158,16.2,42.0,51.0,0.463,0.0,0.001,16.2
2021-10-22 22:00:00,15.4,18.5,-194.4309,-0.4825,0.0297,14.2,38.0,45.0,0.442,0.0,0.001,14.2
2021-10-22 23:00:00,10.8,13.7,-1.1661,-0.4735,0.1305,9.9,39.0,46.0,0.368,0.0,0.001,9.9
2021-10-23 00:00:00,10.4,13.3,-2.315,-0.4746,0.0817,9.4,34.0,41.0,0.243,0.0,0.001,9.4
2021-10-23 01:00:00,13.4,16.7,41.3213,-0.4556,-0.0096,12.6,27.0,28.0,0.102,0.0,0.001,12.6
2021-10-23 02:00:00,14.9,17.9,41.449,-0.4568,-0.0005,13.9,28.0,31.0,0.132,0.0,0.0,13.9
2021-10-23 03:00:00,12.9,15.9,-4.4852,-0.4445,0.1695,11.9,47.0,56.0,0.146,0.0,0.0,11.9
2021-10-23 04:00:00,10.7,13.6,-2.7676,-0.4769,0.1338,9.7,20.0,20.0,0.095,0.0,0.0,9.7
2021-10-23 05:00:00,14.6,18.6,3.0467,-0.507,0.0158,13.5,35.0,42.0,0.231,0.0,0.002,13.5
2021-10-23 06:00:00,10.4,13.6,-1.7116,-0.4836,0.0003,9.5,40.0,50.0,0.287,0.0,0.0,9.5
2021-10-23 07:00:00,14.7,19.4,-3.2319,-0.5148,0.0234,13.3,36.0,46.0,0.392,0.0,0.0,13.3
2021-10-23 08:00:00,11.4,14.3,-1.5839,-0.4769,0.2147,10.4,41.0,51.0,0.578,0.0,0.002,10.4
2021-10-23 09:00:00,21.0,24.2,-2.3034,-0.5417,-0.0139,19.8,34.0,41.0,0.403,0.0,0.0,19.8
2021-10-23 10:00:00,10.6,13.5,0.0757,-0.4758,0.2718,9.6,21.0,22.0,0.196,0.0,0.0,9.6
2021-10-23 11:00:00,10.8,14.3,-0.3421,-0.4825,0.1771,10.1,27.0,30.0,0.166,0.0,0.0,10.1
2021-10-23 12:00:00,8.5,13.4,-2.64,-0.4992,0.6909,7.7,26.0,27.0,0.168,0.0,0.0,7.7
2021-10-23 13:00:00,13.0,17.5,-3.0346,-0.4288,0.028,11.7,34.0,39.0,0.108,0.0,0.0,11.7
2021-10-23 14:00:00,12.7,17.4,-2.9881,-0.4288,0.0274,11.3,28.0,29.0,0.135,0.0,0.0,11.3
2021-10-23 15:00:00,13.9,18.6,-2.8953,-0.4288,0.0302,12.7,29.0,30.0,0.176,0.0,0.0,12.7
2021-10-23 16:00:00,15.2,20.0,-2.4427,-0.4277,0.0574,14.2,34.0,38.0,0.317,0.0,0.0,14.2
2021-10-23 17:00:00,11.3,14.3,-2.2918,-0.4769,0.1969,10.4,47.0,58.0,0.603,0.0,0.001,10.4
2021-10-23 18:00:00,20.5,24.7,-235.3864,-0.4813,0.0442,19.5,50.0,62.0,0.586,0.0,0.001,19.5
2021-10-23 19:00:00,21.0,24.9,1.9906,-0.4713,-0.0137,19.7,50.0,63.0,0.603,0.0,0.001,19.7
2021-10-23 20:00:00,22.1,25.8,-228.8874,-0.4825,0.1104,21.0,58.0,68.0,1.25,0.0,0.004,21.0
2021-10-23 21:00:00,24.4,27.9,-224.9415,-0.4825,0.1576,23.3,66.0,74.0,1.657,0.0,0.003,23.3
2021-10-23 22:00:00,29.4,33.5,43.1433,-0.4556,0.119,28.0,87.0,94.0,0.794,0.0,0.001,28.0
2021-10-23 23:00:00,11.6,14.3,1.1782,-0.4769,0.3408,10.7,48.0,63.0,0.438,0.0,0.002,10.7
2021-10-24 00:00:00,17.2,20.7,-1.3054,-0.4724,-0.0438,16.1,37.0,44.0,0.182,0.0,0.0,16.1
2021-10-24 01:00:00,17.1,20.6,-1.9669,-0.4724,-0.0555,15.6,37.0,44.0,0.113,0.0,0.0,15.6
2021-10-24 02:00:00,11.1,13.6,-2.4079,-0.4735,0.0797,10.2,54.0,67.0,0.249,0.0,0.002,10.2
2021-10-24 03:00:00,9.3,12.4,-2.5471,-0.4981,0.5719,8.7,101.0,110.0,0.182,0.0,0.0,8.7
2021-10-24 04:00:00,27.6,32.5,-3.7193,-0.5148,0.029,25.3,75.0,83.0,0.138,0.0,0.0,25.3
2021-10-24 05:00:00,10.3,14.0,-2.0133,-0.4825,0.1135,9.6,47.0,58.0,0.108,0.0,0.0,9.6
2021-10-24 06:00:00,10.3,14.0,-2.0945,-0.4825,0.1112,9.5,32.0,37.0,0.12,0.0,0.0,9.5
2021-10-24 07:00:00,15.0,19.6,-3.4756,-0.5148,0.0274,13.5,37.0,44.0,0.278,0.0,0.001,13.5
2021-10-24 08:00:00,26.8,29.5,-2.3731,-0.5417,-0.0185,25.9,42.0,54.0,0.377,0.0,0.001,25.9
2021-10-24 09:00:00,11.4,14.3,-1.3054,-0.4825,-0.0005,10.5,27.0,28.0,0.205,0.0,0.0,10.5
2021-10-24 10:00:00,10.9,14.2,-4.4969,-0.4456,0.1038,9.9,28.0,32.0,0.199,0.0,0.0,9.9
2021-10-24 11:00:00,14.0,18.0,-2.4891,-0.4288,0.034,12.6,33.0,37.0,0.256,0.0,0.0,12.6
2021-10-24 12:00:00,17.9,22.2,-2.7793,-0.5417,-0.0263,16.7,33.0,37.0,0.182,0.0,0.0,16.7
2021-10-24 13:00:00,14.6,19.5,-264.2258,-0.4825,0.0011,13.5,33.0,37.0,0.122,0.0,0.0,13.5
2021-10-24 14:00:00,18.5,23.2,-275.692,-0.4825,0.0247,17.3,46.0,58.0,0.224,0.0,0.0,17.3
2021-10-24 15:00:00,11.5,15.0,-4.4969,-0.4456,0.1348,10.5,44.0,53.0,0.34,0.0,0.001,10.5
2021-10-24 16:00:00,18.7,23.2,-0.435,-0.4713,-0.04,17.3,43.0,53.0,0.328,0.0,0.0,17.3
2021-10-24 17:00:00,10.7,13.7,-2.7096,-0.4758,0.1868,9.7,41.0,50.0,0.613,0.0,0.002,9.7
2021-10-24 18:00:00,19.1,22.7,5.0892,-0.4713,0.0285,17.8,42.0,51.0,0.929,0.0,0.003,17.8
2021-10-24 19:00:00,21.0,24.6,3.5921,-0.4713,0.0153,19.8,49.0,62.0,0.745,0.0,0.004,19.8
2021-10-24 20:00:00,19.6,23.0,42.946,-0.4556,0.0947,18.7,51.0,63.0,0.626,0.0,0.002,18.7
2021-10-24 21:00:00,20.0,23.3,43.7352,-0.4556,0.1381,18.4,49.0,62.0,0.86,0.0,0.004,18.4
2021-10-24 22:00:00,11.0,14.5,2.3039,-0.4813,0.3631,10.2,56.0,68.0,0.79,0.0,0.003,10.2
2021-10-24 23:00:00,12.4,14.4,-1.6419,-0.4568,0.065,11.7,62.0,72.0,0.655,0.0,0.001,11.7
2021-10-25 00:00:00,10.5,14.2,-0.876,-0.4813,0.1744,9.7,84.0,89.0,0.506,0.0,0.002,9.7
2021-10-25 01:00:00,10.5,14.2,0.0641,-0.4825,0.169,9.8,77.0,84.0,0.365,0.0,0.002,9.8
2021-10-25 02:00:00,27.1,30.9,-3.2319,-0.5148,0.0774,25.3,72.0,78.0,0.324,0.0,0.001,25.3
2021-10-25 03:00:00,10.6,14.1,0.7372,-0.4813,0.1495,9.9,84.0,88.0,0.511,0.0,0.001,9.9
2021-10-25 04:00:00,31.2,33.0,-2.582,-0.5037,0.0541,29.7,74.0,81.0,0.402,0.0,0.001,29.7
2021-10-25 05:00:00,10.6,14.1,0.7836,-0.4825,0.1424,9.9,72.0,79.0,0.415,0.0,0.002,9.9
2021-10-25 06:00:00,31.5,32.9,-2.199,-0.5048,0.084,30.5,75.0,79.0,0.654,0.0,0.004,30.5
2021-10-25 07:00:00,12.6,15.2,-1.0965,-0.4836,0.0229,11.6,79.0,85.0,0.656,0.0,0.003,11.6
2021-10-25 08:00:00,38.9,41.1,-1.6999,-0.5428,0.0513,37.6,69.0,76.0,0.722,0.0,0.002,37.6
2021-10-25 09:00:00,20.8,26.2,-2.8141,-0.516,0.0399,19.1,52.0,65.0,0.544,0.0,0.001,19.1
2021-10-25 10:00:00,10.3,14.0,-2.7793,-0.4568,0.0044,9.2,46.0,56.0,0.193,0.0,0.0,9.2
2021-10-30 11:00:00,14.3,14.4,-2.4659,-0.5037,0.0259,13.9,10.0,12.0,0.519,0.0,0.001,13.9
2021-10-30 11:00:00,14.3,14.4,-2.4659,-0.5037,0.0259,13.9,10.0,10.0,0.51,0.0,0.002,13.9
2021-10-30 11:00:00,12.9,14.2,-207.6611,-0.4825,0.015,12.3,10.0,12.0,0.519,0.0,0.001,12.3
2021-10-30 11:00:00,12.9,14.2,-207.6611,-0.4825,0.015,12.3,10.0,10.0,0.51,0.0,0.002,12.3
2021-10-30 12:00:00,12.7,14.5,0.1569,-0.4724,-0.0502,11.6,9.0,10.0,0.387,0.0,0.001,11.6
2021-10-30 13:00:00,11.2,14.2,-0.7019,-0.4266,0.0305,10.5,8.0,9.0,0.328,0.0,0.0,10.5
2021-10-30 14:00:00,15.1,15.6,-2.4195,-0.5417,-0.0271,14.5,8.0,9.0,0.348,0.0,0.002,14.5
2021-10-30 15:00:00,10.9,14.0,-0.1796,-0.4266,0.0302,10.3,13.0,13.0,0.441,0.0,0.002,10.3
2021-10-30 16:00:00,15.6,15.9,-2.2454,-0.5417,-0.0197,15.0,10.0,11.0,0.454,0.0,0.001,15.0
2021-10-30 17:00:00,12.4,15.0,-2.8141,-0.5137,0.047,11.4,13.0,14.0,0.587,0.0,0.002,11.4
2021-10-30 18:00:00,11.3,12.3,-2.0481,-0.4992,0.5714,10.9,11.0,12.0,0.488,0.0,0.002,10.9
2021-10-30 19:00:00,11.3,14.1,-3.081,-0.5148,0.0348,10.5,9.0,9.0,0.475,0.0,0.001,10.5
2021-10-30 20:00:00,13.6,14.9,-2.4079,-0.4277,0.0412,12.8,14.0,16.0,0.454,0.0,0.001,12.8
2021-10-30 21:00:00,14.8,15.8,-2.2222,-0.4277,0.0508,13.8,20.0,21.0,0.501,0.0,0.002,13.8
2021-10-30 22:00:00,14.2,15.1,-2.3499,-0.4277,0.0406,13.1,15.0,16.0,0.418,0.0,0.002,13.1
2021-10-30 23:00:00,12.9,15.6,-3.3131,-0.5148,0.0176,12.0,21.0,22.0,0.36,0.0,0.002,12.0
2021-10-31 00:00:00,12.2,12.7,-2.698,-0.4568,-0.0121,11.5,20.0,20.0,0.273,0.0,0.0,11.5
2021-10-31 01:00:00,13.1,15.5,-4.346,-0.2892,-0.104,12.1,15.0,16.0,0.198,0.0,0.001,12.1
2021-10-31 02:00:00,11.8,12.3,-2.8721,-0.4556,-0.0192,11.4,15.0,15.0,0.202,0.0,0.001,11.4
2021-10-31 03:00:00,14.5,15.4,-1.2125,-0.4724,-0.0598,13.8,15.0,17.0,0.225,0.0,0.0,13.8
2021-10-31 04:00:00,11.7,12.3,-2.3615,-0.4981,0.5872,11.4,33.0,38.0,0.316,0.0,0.002,11.4
2021-10-31 05:00:00,17.2,18.8,-0.4001,-0.4724,-0.0553,16.3,30.0,34.0,0.333,0.0,0.001,16.3
2021-10-31 06:00:00,17.8,18.9,0.5863,-0.4724,-0.0451,17.1,32.0,39.0,0.451,0.0,0.0,17.1
2021-10-31 07:00:00,11.5,12.5,-1.9321,-0.4992,0.6278,11.1,36.0,44.0,0.536,0.0,0.001,11.1
2021-10-31 08:00:00,11.6,12.5,-2.0713,-0.4568,0.0229,11.2,32.0,38.0,0.571,0.0,0.001,11.2
2021-10-31 09:00:00,10.9,13.8,1.4335,-0.4266,0.083,10.2,37.0,45.0,0.675,0.0,0.001,10.2
2021-10-31 10:00:00,12.0,13.0,-1.9088,-0.4568,0.0353,11.2,40.0,50.0,0.599,0.0,0.002,11.2
2021-10-31 11:00:00,10.8,13.7,0.3194,-0.4266,0.0724,10.2,40.0,49.0,0.69,0.0,0.001,10.2
2021-10-31 12:00:00,10.8,13.7,0.83,-0.4266,0.083,10.2,43.0,54.0,0.681,0.0,0.003,10.2
2021-10-31 13:00:00,22.6,24.0,-1.8508,-0.4277,0.0678,21.1,44.0,54.0,0.649,0.0,0.001,21.1
2021-10-31 14:00:00,20.2,21.5,-1.9669,-0.4288,0.0614,18.6,41.0,50.0,0.591,0.0,0.002,18.6
2021-10-31 15:00:00,19.6,20.9,-1.5723,-0.4288,0.0861,18.2,38.0,45.0,0.683,0.0,0.003,18.2
2021-10-31 16:00:00,19.7,20.9,-1.3634,-0.4277,0.0916,18.3,40.0,49.0,0.816,0.0,0.003,18.3
2021-10-31 17:00:00,17.6,19.3,45.1163,-0.4556,0.1145,16.5,38.0,47.0,1.023,0.0,0.005,16.5
2021-10-31 18:00:00,18.3,19.9,45.1627,-0.4568,0.1246,17.4,40.0,48.0,1.089,0.0,0.006,17.4
2021-10-31 19:00:00,29.0,29.3,-0.9456,-0.5428,0.0625,28.1,45.0,57.0,0.98,0.0,0.004,28.1
2021-10-31 20:00:00,27.2,27.5,-0.7367,-0.5417,0.0734,26.4,41.0,50.0,1.032,0.0,0.003,26.4
2021-10-31 21:00:00,18.1,20.3,-220.2878,-0.4825,0.0701,17.3,38.0,45.0,0.812,0.0,0.001,17.3
2021-10-31 22:00:00,16.3,19.4,-2.1758,-0.5148,0.0863,15.1,36.0,42.0,0.744,0.0,0.003,15.1
2021-10-31 23:00:00,15.6,16.9,-216.8526,-0.4825,0.0363,14.7,28.0,30.0,0.529,0.0,0.002,14.7
2021-11-01 00:00:00,15.9,16.7,0.4354,-0.4724,-0.0385,15.0,22.0,24.0,0.352,0.0,0.001,15.0
2021-11-01 01:00:00,15.8,16.7,-0.8295,-0.4713,-0.0489,15.0,23.0,24.0,0.226,0.0,0.001,15.0
2021-11-01 02:00:00,15.8,16.7,-1.0733,-0.4724,-0.0494,15.0,22.0,24.0,0.214,0.0,0.001,15.0
2021-11-01 03:00:00,15.5,16.3,-1.1893,-0.4713,-0.052,14.6,21.0,21.0,0.198,0.0,0.001,14.6
2021-11-01 04:00:00,12.1,12.6,-2.698,-0.4568,-0.0035,11.7,21.0,22.0,0.247,0.0,0.002,11.7
2021-11-01 05:00:00,11.0,13.9,-2.9765,-0.4266,-0.0142,10.4,24.0,26.0,0.285,0.0,0.002,10.4
2021-11-01 06:00:00,10.9,13.6,-2.8837,-0.4266,-0.0063,10.2,25.0,26.0,0.421,0.0,0.001,10.2
2021-11-01 07:00:00,11.1,13.9,-2.5587,-0.4266,0.0026,10.4,19.0,21.0,0.662,0.0,0.002,10.4
2021-11-01 08:00:00,10.9,13.6,-1.1081,-0.4266,0.0526,10.2,17.0,18.0,1.041,0.0,0.006,10.2
2021-11-01 09:00:00,14.6,15.5,-1.0965,-0.4277,0.1114,13.9,16.0,18.0,0.88,0.0,0.004,13.9
2021-11-01 10:00:00,12.1,12.7,-1.2822,-0.4568,0.0663,11.7,21.0,22.0,0.807,0.0,0.005,11.7
2021-11-01 11:00:00,17.8,17.7,-1.6303,-0.5428,0.0348,17.2,18.0,20.0,0.722,0.0,0.002,17.2
2021-11-01 12:00:00,18.6,18.9,-1.2357,-0.5417,0.0607,18.1,24.0,25.0,0.798,0.0,0.004,18.1
2021-11-01 13:00:00,18.8,19.2,-2.2918,-0.5417,0.0006,17.9,22.0,23.0,0.378,0.0,0.001,17.9
2021-11-01 14:00:00,12.6,14.3,-1.2589,-0.4288,0.0673,11.8,18.0,20.0,0.642,0.0,0.002,11.8
2021-11-01 15:00:00,15.2,17.0,44.2807,-0.4556,0.0797,14.0,26.0,26.0,0.703,0.0,0.003,14.0
2021-11-01 16:00:00,14.5,16.4,44.8377,-0.4568,0.1084,13.6,23.0,24.0,0.849,0.0,0.004,13.6
2021-11-01 17:00:00,13.6,15.2,-0.3537,-0.4277,0.1147,12.6,23.0,24.0,0.925,0.0,0.004,12.6
2021-11-01 18:00:00,12.9,14.5,0.1801,-0.4288,0.1396,11.7,25.0,26.0,1.258,0.0,0.007,11.7
2021-11-01 19:00:00,13.5,16.7,-1.9205,-0.5148,0.1031,12.6,25.0,26.0,0.989,0.0,0.005,12.6
2021-11-01 20:00:00,11.9,13.0,-1.4678,-0.4568,0.0508,11.5,28.0,29.0,0.71,0.0,0.004,11.5
2021-11-01 21:00:00,12.0,13.0,-1.3402,-0.4568,0.0736,11.5,26.0,26.0,0.775,0.0,0.003,11.5
2021-11-01 22:00:00,11.9,13.0,-1.5607,-0.4568,0.0546,11.5,25.0,26.0,0.672,0.0,0.002,11.5
2021-11-01 23:00:00,12.5,14.3,-1.2009,-0.4277,0.0736,11.7,24.0,24.0,0.598,0.0,0.002,11.7
2021-11-02 00:00:00,18.7,19.2,-2.2106,-0.5417,0.0066,17.8,21.0,22.0,0.381,0.0,0.002,17.8
2021-11-02 01:00:00,14.0,15.9,-226.485,-0.4825,0.0323,13.1,18.0,19.0,0.313,0.0,0.001,13.1
2021-11-02 02:00:00,15.3,17.2,-225.7771,-0.4825,0.0158,14.4,26.0,28.0,0.258,0.0,0.002,14.4
2021-11-02 03:00:00,15.7,17.4,-223.2007,-0.4825,0.0137,14.9,27.0,29.0,0.257,0.0,0.001,14.9
2021-11-02 04:00:00,15.8,17.3,-220.5431,-0.4825,0.0201,15.0,29.0,33.0,0.316,0.0,0.002,15.0
2021-11-02 05:00:00,16.2,17.6,-218.8139,-0.4825,0.0122,15.0,29.0,32.0,0.306,0.0,0.002,15.0
2021-11-02 06:00:00,13.2,14.7,-1.5955,-0.4277,0.0541,12.6,30.0,35.0,0.415,0.0,0.001,12.6
2021-11-02 07:00:00,19.1,20.0,-1.3518,-0.4288,0.1026,18.5,35.0,44.0,0.795,0.0,0.004,18.5
2021-11-02 08:00:00,24.0,25.0,0.8532,-0.4288,0.1939,22.3,49.0,62.0,1.614,0.0,0.002,22.3
2021-11-02 09:00:00,14.3,16.1,0.3426,-0.4277,0.1584,13.1,49.0,62.0,1.543,0.0,0.004,13.1
2021-11-02 10:00:00,16.4,17.9,-0.4582,-0.4277,0.1094,15.1,43.0,53.0,0.911,0.0,0.004,15.1
2021-11-02 11:00:00,24.6,24.9,-1.433,-0.5417,0.0561,23.6,38.0,45.0,0.714,0.0,0.004,23.6
2021-11-02 12:00:00,17.4,19.2,44.6172,-0.4556,0.1119,16.8,35.0,43.0,0.837,0.0,0.001,16.8
2021-11-02 13:00:00,16.9,20.0,-2.1061,-0.5148,0.0777,15.8,38.0,45.0,0.805,0.0,0.004,15.8
2021-11-02 14:00:00,16.9,19.7,44.6637,-0.4556,0.0863,16.1,39.0,46.0,0.872,0.0,0.004,16.1
2021-11-02 15:00:00,19.9,20.2,-1.7928,-0.5048,0.0932,19.2,37.0,44.0,0.871,0.0,0.004,19.2
2021-11-02 16:00:00,13.8,15.3,-0.1216,-0.4277,0.1206,12.8,32.0,37.0,1.1,0.0,0.007,12.8
2021-11-02 17:00:00,13.0,14.6,-0.1564,-0.4277,0.13,12.3,21.0,22.0,1.118,0.0,0.007,12.3
2021-11-02 18:00:00,14.0,17.0,-0.0056,-0.5148,0.1931,13.2,27.0,29.0,1.767,0.0,0.011,13.2
2021-11-02 19:00:00,13.1,14.7,-0.2145,-0.4277,0.1426,12.0,29.0,32.0,0.986,0.0,0.006,12.0
2021-11-02 20:00:00,13.5,15.6,-0.8876,-0.4277,0.0916,12.5,29.0,31.0,0.673,0.0,0.003,12.5
2021-11-02 21:00:00,12.9,14.5,-1.1545,-0.4277,0.0767,12.2,24.0,24.0,0.663,0.0,0.003,12.2
2021-11-02 22:00:00,19.6,19.7,-2.0017,-0.5417,0.0125,18.9,25.0,27.0,0.477,0.0,0.001,18.9
2021-11-02 23:00:00,11.3,13.7,-0.4001,-0.4266,0.0937,10.6,22.0,25.0,0.402,0.0,0.002,10.6
2021-11-03 00:00:00,11.9,12.7,-2.2338,-0.4981,0.6727,11.5,18.0,20.0,0.327,0.0,0.001,11.5
2021-11-03 01:00:00,12.1,13.6,-1.8392,-0.4277,0.0432,11.3,16.0,16.0,0.264,0.0,0.002,11.3
2021-11-03 02:00:00,12.8,14.3,-1.6303,-0.4277,0.0379,11.7,27.0,30.0,0.392,0.0,0.001,11.7
2021-11-03 03:00:00,16.0,18.0,-218.5237,-0.4825,0.016,14.7,27.0,30.0,0.397,0.0,0.002,14.7
2021-11-03 04:00:00,11.9,12.7,-2.2686,-0.4981,0.6559,11.5,27.0,30.0,0.332,0.0,0.001,11.5
2021-11-03 05:00:00,13.9,16.2,-219.6495,-0.4825,0.013,13.0,16.0,17.0,0.284,0.0,0.001,13.0
2021-11-03 06:00:00,16.8,18.5,-219.4406,-0.4825,0.0231,16.2,32.0,37.0,0.519,0.0,0.003,16.2
2021-11-03 07:00:00,22.0,23.3,4.0215,-0.4724,0.0006,20.7,43.0,53.0,0.795,0.0,0.003,20.7
2021-11-03 08:00:00,24.1,25.3,9.2207,-0.4724,0.0673,22.8,49.0,62.0,1.347,0.0,0.008,22.8
2021-11-03 09:00:00,24.5,25.8,6.714,-0.4724,0.0417,23.3,50.0,63.0,1.084,0.0,0.003,23.3
2021-11-03 10:00:00,21.9,24.1,44.3039,-0.4556,0.0919,20.8,52.0,65.0,0.735,0.0,0.003,20.8
2021-11-03 11:00:00,16.5,18.7,-0.6323,-0.4277,0.1081,15.5,51.0,66.0,0.8,0.0,0.003,15.5
2021-11-03 12:00:00,16.0,18.0,-0.1448,-0.4277,0.1419,14.9,55.0,68.0,0.991,0.0,0.004,14.9
2021-11-03 13:00:00,15.1,17.1,-0.7599,-0.4288,0.1338,14.0,48.0,60.0,0.547,0.0,0.001,14.0
2021-11-03 21:00:00,21.9,23.4,-1.5955,-0.5048,0.1168,21.2,46.0,60.0,0.719,0.0,0.001,21.2
2021-11-03 21:00:00,21.9,23.4,-1.5955,-0.5048,0.1168,21.2,94.0,102.0,1.734,0.0,0.007,21.2
2021-11-03 21:00:00,31.3,33.1,-0.1796,-0.5037,0.2325,30.4,46.0,60.0,0.719,0.0,0.001,30.4
2021-11-03 21:00:00,31.3,33.1,-0.1796,-0.5037,0.2325,30.4,94.0,102.0,1.734,0.0,0.007,30.4
2021-11-03 22:00:00,20.0,21.4,-2.2454,-0.5048,0.064,19.3,39.0,47.0,0.434,0.0,0.002,19.3
2021-11-03 23:00:00,22.7,23.4,-2.5239,-0.5048,0.0493,21.7,46.0,57.0,0.296,0.0,0.002,21.7
2021-11-04 00:00:00,22.1,22.8,-2.7444,-0.5048,0.0295,20.9,45.0,57.0,0.189,0.0,0.002,20.9
2021-11-04 01:00:00,21.8,22.5,-2.8257,-0.5048,0.015,21.0,41.0,51.0,0.148,0.0,0.001,21.0
2021-11-04 02:00:00,22.5,23.1,-2.8373,-0.5048,0.0137,21.9,47.0,58.0,0.165,0.0,0.002,21.9
2021-11-04 03:00:00,21.3,22.1,-2.8721,-0.5037,0.0127,20.0,41.0,49.0,0.164,0.0,0.0,20.0
2021-11-04 04:00:00,21.7,22.4,-2.7096,-0.5048,0.0201,20.9,44.0,55.0,0.283,0.0,0.001,20.9
2021-11-04 05:00:00,17.6,20.9,-3.4756,-0.5137,0.0302,15.8,39.0,47.0,0.259,0.0,0.0,15.8
2021-11-04 06:00:00,20.1,23.2,-3.3363,-0.5148,0.0368,18.4,43.0,55.0,0.345,0.0,0.002,18.4
2021-11-04 07:00:00,17.0,20.2,-2.9301,-0.5148,0.067,15.9,37.0,44.0,0.54,0.0,0.001,15.9
2021-11-04 08:00:00,19.1,23.0,-2.4195,-0.5148,0.0805,17.5,40.0,50.0,0.657,0.0,0.001,17.5
2021-11-04 09:00:00,16.3,20.5,-3.4292,-0.516,0.0335,14.9,36.0,43.0,0.24,0.0,0.001,14.9
2021-11-04 10:00:00,15.8,20.5,-3.6845,-0.5148,0.0257,14.3,33.0,39.0,0.178,0.0,0.002,14.3
2021-11-04 11:00:00,16.9,21.1,-3.8237,-0.516,0.0148,15.5,35.0,42.0,0.138,0.0,0.0,15.5
2021-11-04 12:00:00,14.7,19.7,-3.6497,-0.5148,0.0351,12.9,27.0,30.0,0.19,0.0,0.0,12.9
2021-11-04 13:00:00,12.5,17.7,-3.9166,-0.5148,0.034,11.0,15.0,17.0,0.123,0.0,0.001,11.0
2021-11-04 14:00:00,11.7,17.2,-3.7309,-0.516,0.0533,10.6,11.0,11.0,0.178,0.0,0.002,10.6
2021-11-04 15:00:00,12.4,17.9,-3.9166,-0.5148,0.0259,10.9,14.0,15.0,0.136,0.0,0.001,10.9
2021-11-04 16:00:00,11.3,16.5,-2.4659,-0.497,1.4937,10.2,24.0,26.0,0.282,0.0,0.001,10.2
2021-11-04 17:00:00,14.1,19.3,-2.8489,-0.5137,0.079,12.6,27.0,29.0,0.639,0.0,0.005,12.6
2021-11-04 18:00:00,20.4,23.4,-0.5394,-0.4277,0.1645,18.9,44.0,55.0,1.075,0.0,0.005,18.9
2021-11-04 19:00:00,18.8,23.3,-2.8025,-0.5148,0.0909,17.1,43.0,52.0,0.613,0.0,0.003,17.1
2021-11-04 20:00:00,20.9,23.2,-2.6632,-0.4277,0.0703,19.6,46.0,56.0,0.339,0.0,0.001,19.6
2021-11-04 21:00:00,15.6,18.3,-1.7812,-0.4277,0.0617,14.5,44.0,55.0,0.297,0.0,0.002,14.5
2021-11-04 22:00:00,17.5,20.4,-3.4988,-0.5048,0.0533,15.9,47.0,60.0,0.319,0.0,0.001,15.9
2021-11-04 23:00:00,33.0,33.6,-2.4891,-0.5405,0.0041,31.8,51.0,65.0,0.297,0.0,0.001,31.8
2021-11-05 00:00:00,24.4,26.1,-0.5974,-0.4713,-0.0327,23.5,50.0,62.0,0.287,0.0,0.002,23.5
2021-11-05 01:00:00,12.3,13.6,-2.582,-0.4981,0.766,11.8,41.0,53.0,0.168,0.0,0.001,11.8
2021-11-05 02:00:00,19.3,21.0,43.2246,-0.4556,0.0054,18.4,45.0,55.0,0.186,0.0,0.001,18.4
2021-11-05 03:00:00,33.6,33.8,-2.7212,-0.5417,-0.0126,32.6,49.0,63.0,0.208,0.0,0.002,32.6
2021-11-05 04:00:00,32.8,33.1,-2.756,-0.5428,-0.0083,31.7,51.0,65.0,0.206,0.0,0.002,31.7
2021-11-05 05:00:00,20.5,22.5,43.4219,-0.4556,0.0145,19.4,46.0,57.0,0.205,0.0,0.0,19.4
2021-11-05 06:00:00,21.4,23.9,-4.3576,-0.2848,-0.1078,20.1,47.0,60.0,0.262,0.0,0.002,20.1
2021-11-05 07:00:00,21.5,24.0,-4.3576,-0.2859,-0.1063,19.8,47.0,58.0,0.31,0.0,0.001,19.8
2021-11-05 08:00:00,23.1,25.1,-259.5721,-0.4836,0.0609,21.3,46.0,59.0,0.47,0.0,0.001,21.3
2021-11-05 09:00:00,17.8,20.7,-4.346,-0.2848,-0.107,16.6,38.0,45.0,0.367,0.0,0.001,16.6
2021-11-05 10:00:00,16.5,19.1,-2.9998,-0.4288,0.0498,15.0,31.0,34.0,0.23,0.0,0.001,15.0
2021-11-05 11:00:00,15.3,19.7,-3.58,-0.516,0.0447,14.0,30.0,32.0,0.267,0.0,0.001,14.0
2021-11-05 12:00:00,16.5,19.6,-1.7348,-0.4735,-0.0395,15.3,24.0,25.0,0.164,0.0,0.0,15.3
2021-11-05 13:00:00,15.8,19.1,-3.3131,-0.4277,0.045,14.6,28.0,28.0,0.122,0.0,0.0,14.6
2021-11-05 14:00:00,19.3,21.9,-2.64,-0.5428,0.0089,18.1,30.0,32.0,0.258,0.0,0.002,18.1
2021-11-05 15:00:00,15.6,19.1,-2.9185,-0.4277,0.0655,14.4,28.0,30.0,0.26,0.0,0.001,14.4
2021-11-05 16:00:00,11.5,16.1,-2.6052,-0.497,1.3344,10.5,30.0,33.0,0.232,0.0,0.001,10.5
2021-11-05 17:00:00,25.3,27.4,-1.8276,-0.5417,0.0658,24.2,39.0,47.0,0.554,0.0,0.002,24.2
2021-11-05 18:00:00,11.7,14.5,-1.6999,-0.4981,1.0025,11.0,46.0,56.0,0.589,0.0,0.003,11.0
2021-11-05 19:00:00,19.4,22.1,43.0505,-0.4556,0.0668,18.4,43.0,53.0,0.319,0.0,0.001,18.4
2021-11-05 20:00:00,19.4,21.5,-2.698,-0.5037,0.0533,18.1,41.0,49.0,0.335,0.0,0.002,18.1
2021-11-05 21:00:00,18.0,20.4,43.2942,-0.4556,0.0513,16.8,40.0,50.0,0.358,0.0,0.002,16.8
2021-11-05 22:00:00,19.7,21.0,-2.8257,-0.5048,0.0396,18.9,38.0,45.0,0.283,0.0,0.001,18.9
2021-11-05 23:00:00,17.9,19.9,43.0969,-0.4556,0.0414,17.2,40.0,49.0,0.201,0.0,0.001,17.2
2021-11-06 00:00:00,18.6,21.5,-4.3808,-0.2848,-0.1108,17.5,43.0,53.0,0.21,0.0,0.003,17.5
2021-11-06 01:00:00,15.7,17.7,-2.2338,-0.4288,0.0358,14.2,40.0,50.0,0.153,0.0,0.001,14.2
2021-11-06 02:00:00,18.6,21.3,-4.3808,-0.2848,-0.1037,17.6,42.0,53.0,0.18,0.0,0.001,17.6
2021-11-06 03:00:00,19.5,19.8,-3.139,-0.5048,0.0173,18.6,37.0,46.0,0.142,0.0,0.001,18.6
2021-11-06 04:00:00,22.0,22.3,-3.1158,-0.5048,0.0323,21.1,40.0,50.0,0.168,0.0,0.002,21.1
2021-11-06 05:00:00,19.6,19.8,-3.1274,-0.5037,0.0196,18.6,35.0,40.0,0.156,0.0,0.001,18.6
2021-11-06 06:00:00,17.2,20.0,-4.3924,-0.2848,-0.1103,15.5,37.0,44.0,0.194,0.0,0.001,15.5
2021-11-06 07:00:00,21.0,22.2,-3.0346,-0.4277,0.0617,19.2,41.0,52.0,0.329,0.0,0.001,19.2
2021-11-06 08:00:00,21.9,23.4,-2.756,-0.4288,0.0716,20.8,46.0,57.0,0.423,0.0,0.001,20.8
2021-11-06 09:00:00,25.8,26.3,-2.5239,-0.5428,0.0396,24.8,41.0,48.0,0.405,0.0,0.001,24.8
2021-11-06 10:00:00,19.8,22.5,-4.2067,-0.2836,-0.1027,18.1,40.0,50.0,0.366,0.0,0.001,18.1
2021-11-06 11:00:00,12.3,14.8,-2.0945,-0.4981,1.0558,11.6,42.0,50.0,0.472,0.0,0.001,11.6
2021-11-06 12:00:00,23.0,24.6,-2.8489,-0.5417,-0.0134,22.2,35.0,40.0,0.213,0.0,0.001,22.2
2021-11-06 13:00:00,18.1,21.1,-2.3266,-0.4724,-0.0416,16.9,34.0,39.0,0.136,0.0,0.0,16.9
2021-11-06 14:00:00,21.4,23.6,-2.9649,-0.5417,-0.023,20.2,34.0,39.0,0.148,0.0,0.002,20.2
2021-11-06 15:00:00,22.1,24.1,-2.5239,-0.5417,0.0412,21.0,32.0,35.0,0.287,0.0,0.002,21.0
2021-11-06 16:00:00,15.4,18.6,-2.1526,-0.4277,0.0823,14.0,32.0,39.0,0.238,0.0,0.001,14.0
2021-11-06 17:00:00,14.5,17.4,-1.3866,-0.4277,0.1282,13.4,36.0,43.0,0.63,0.0,0.004,13.4
2021-11-06 18:00:00,24.9,26.5,-2.0017,-0.5417,0.0457,23.7,40.0,49.0,0.584,0.0,0.004,23.7
2021-11-06 19:00:00,16.0,18.7,-1.5723,-0.4277,0.1107,14.9,49.0,61.0,0.499,0.0,0.005,14.9
2021-11-06 20:00:00,23.6,26.7,43.3406,-0.4556,0.0762,22.3,52.0,66.0,0.329,0.0,0.001,22.3
2021-11-06 21:00:00,11.9,14.2,-2.3499,-0.4981,0.8652,11.2,50.0,62.0,0.315,0.0,0.002,11.2
2021-11-06 22:00:00,13.5,14.6,-2.64,-0.4568,0.0252,12.7,45.0,56.0,0.315,0.0,0.002,12.7
2021-11-06 23:00:00,13.6,14.5,-2.8141,-0.4568,0.0196,12.8,41.0,49.0,0.241,0.0,0.002,12.8
2021-11-07 00:00:00,13.0,14.8,-3.1042,-0.4568,0.0023,12.1,39.0,47.0,0.126,0.0,0.001,12.1
2021-11-07 01:00:00,13.3,14.3,-3.2087,-0.4568,-0.003,12.4,35.0,43.0,0.088,0.0,0.002,12.4
2021-11-07 02:00:00,17.9,19.8,43.3058,-0.4556,0.0244,17.1,35.0,42.0,0.104,0.0,0.0,17.1
2021-11-07 03:00:00,16.5,18.2,43.1898,-0.4556,0.0163,15.4,29.0,32.0,0.076,0.0,0.001,15.4
2021-11-07 04:00:00,16.0,18.7,-4.4504,-0.2836,-0.1073,14.8,31.0,35.0,0.093,0.0,0.002,14.8
2021-11-07 05:00:00,12.4,14.5,-2.3499,-0.4277,0.0518,11.4,29.0,32.0,0.123,0.0,0.001,11.4
2021-11-07 06:00:00,17.1,18.3,-3.2087,-0.4288,0.0346,15.8,32.0,37.0,0.192,0.0,0.001,15.8
2021-11-07 07:00:00,21.1,21.4,-2.8489,-0.5048,0.0462,20.4,44.0,55.0,0.351,0.0,0.002,20.4
2021-11-07 08:00:00,17.9,19.6,-1.0965,-0.4724,-0.0251,16.2,31.0,35.0,0.299,0.0,0.001,16.2
2021-11-07 09:00:00,14.4,16.4,-2.1642,-0.4288,0.0678,13.2,28.0,29.0,0.178,0.0,0.001,13.2
2021-11-07 10:00:00,16.3,19.2,-4.3112,-0.2836,-0.1136,15.1,28.0,29.0,0.137,0.0,0.0,15.1
2021-11-07 11:00:00,15.4,20.4,-4.1487,-0.5148,-0.0187,14.1,33.0,38.0,0.086,0.0,0.0,14.1
2021-11-07 12:00:00,14.6,17.7,-2.4195,-0.4288,0.1086,13.3,31.0,34.0,0.088,0.0,0.0,13.3
2021-11-07 13:00:00,14.7,17.8,-2.3731,-0.4277,0.0987,13.4,30.0,32.0,0.126,0.0,0.0,13.4
2021-11-07 14:00:00,14.7,17.9,-2.3382,-0.4288,0.1031,13.4,32.0,37.0,0.131,0.0,0.0,13.4
2021-12-02 10:00:00,21.7,27.7,-241.4328,-0.4825,-0.002,20.0,51.0,65.0,0.363,0.0,0.0,20.0
