,_id,temperature,humidity,CO,CO2,NO2,O3,SO2,er_init_sensor,er_read_sensor,er_out_of_range,er_system,type,device_id,sampling_interval,PM2_5,PM10_0,time
0,617fae5c20be12f18c8d507b,23.75,84.1,0.849,502.0,0.0,0.003,0.004,0,0,0,0,envitus,70B3D509805D,60,23.0,24.0,2021-11-01 09:07:37
1,6180fff920be12f18c90ddc6,23.73,87.43,1.1,512.0,0.0,0.003,0.007,0,0,0,0,envitus,70B3D509805D,60,32.0,37.0,2021-11-02 09:08:06
2,61638e4054811a287014f1b3,24.17,92.05,0.59,500.0,0.0,0.003,0.001,0,0,0,0,envitus,70B3D509805D,60,8.0,8.0,2021-10-11 01:07:09
3,61689c0e54811a2870254efc,21.76,92.82,0.076,476.0,0.0,0.003,0.002,0,0,0,0,envitus,70B3D509805D,60,7.0,7.0,2021-10-14 21:07:23
4,617014aae66c30339e5b8951,28.25,78.0,0.426,462.0,0.0,0.003,0.003,0,0,0,0,envitus,70B3D509805D,60,36.0,43.0,2021-10-20 13:07:51
5,617cc51f20be12f18c84843a,21.82,87.85,0.519,489.0,0.0,0.003,0.001,0,0,0,0,envitus,70B3D509805D,60,10.0,12.0,2021-10-30 04:07:56
6,61836a7c20be12f18c94381f,31.93,61.77,0.19,441.0,0.0,0.001,0.0,0,0,0,0,envitus,70B3D509805D,60,27.0,30.0,2021-11-04 05:07:05
7,6164c3ae54811a287018e5aa,23.71,75.07,0.259,488.0,0.0,0.002,0.0,0,0,0,0,envitus,70B3D509805D,60,32.0,37.0,2021-10-11 23:07:22
8,6165b2ba54811a28701c17f3,25.21,63.86,0.171,463.0,0.0,0.003,0.001,0,0,0,0,envitus,70B3D509805D,60,15.0,16.0,2021-10-12 16:07:18
9,61738aade66c30339e678ff0,25.61,48.37,0.166,455.0,0.0,0.001,0.0,0,0,0,0,envitus,70B3D509805D,60,27.0,30.0,2021-10-23 04:08:10
10,6183beda20be12f18c94af09,29.63,68.7,1.075,450.0,0.0,0.002,0.005,0,0,0,0,envitus,70B3D509805D,60,44.0,55.0,2021-11-04 11:07:03
11,6184055d20be12f18c9586b8,26.05,82.07,0.297,472.0,0.0,0.003,0.001,0,0,0,0,envitus,70B3D509805D,60,51.0,65.0,2021-11-04 16:07:53
12,61817e5120be12f18c921f5e,22.57,87.46,0.264,517.0,0.0,0.003,0.002,0,0,0,0,envitus,70B3D509805D,60,16.0,16.0,2021-11-02 18:07:10
13,6164a7b954811a287018900c,23.89,79.11,0.193,494.0,0.0,0.002,0.001,0,0,0,0,envitus,70B3D509805D,60,33.0,40.0,2021-10-11 21:08:06
14,6170f595e66c30339e5e46b5,22.9,72.69,0.375,473.0,0.0,0.002,0.003,0,0,0,0,envitus,70B3D509805D,60,8.0,8.0,2021-10-21 05:07:21
15,61753e99e66c30339e6f236b,25.3,59.22,0.929,448.0,0.0,0.002,0.003,0,0,0,0,envitus,70B3D509805D,60,42.0,51.0,2021-10-24 11:08:06
16,61722ad5e66c30339e61abf5,21.26,67.23,0.299,474.0,0.0,0.002,0.0,0,0,0,0,envitus,70B3D509805D,60,8.0,9.0,2021-10-22 03:06:59
17,616df033e66c30339e557ca3,21.15,91.37,0.292,500.0,0.0,0.003,0.001,0,0,0,0,envitus,70B3D509805D,60,32.0,36.0,2021-10-18 22:07:44
18,61719035e66c30339e5ff0a6,22.15,72.46,0.231,471.0,0.0,0.002,0.001,0,0,0,0,envitus,70B3D509805D,60,10.0,10.0,2021-10-21 16:07:13
19,616855d254811a2870247b2e,22.34,89.48,0.32,477.0,0.0,0.003,0.0,0,0,0,0,envitus,70B3D509805D,60,19.0,22.0,2021-10-14 16:07:42
20,6173c2cce66c30339e688ef0,28.61,45.25,0.176,438.0,0.0,0.0,0.0,0,0,0,0,envitus,70B3D509805D,60,29.0,30.0,2021-10-23 08:07:37
21,617584c8e66c30339e7055b6,23.48,73.02,0.655,464.0,0.0,0.003,0.001,0,0,0,0,envitus,70B3D509805D,60,62.0,72.0,2021-10-24 16:07:33
22,6174ea35e66c30339e6db290,27.26,47.9,0.182,441.0,0.0,0.0,0.0,0,0,0,0,envitus,70B3D509805D,60,33.0,37.0,2021-10-24 05:08:02
23,6186a84520be12f18c9e5945,26.78,85.91,0.241,438.0,0.0,0.004,0.002,0,0,0,0,envitus,70B3D509805D,60,41.0,49.0,2021-11-06 16:07:30
24,6164371154811a287017209b,24.46,84.66,0.523,496.0,0.0,0.003,0.002,0,0,0,0,envitus,70B3D509805D,60,13.0,14.0,2021-10-11 13:07:26
25,6172d39ce66c30339e645121,21.0,65.29,0.442,465.0,0.0,0.002,0.001,0,0,0,0,envitus,70B3D509805D,60,38.0,45.0,2021-10-22 15:07:05
26,616d9bbbe66c30339e549c19,21.13,87.46,0.291,493.0,0.0,0.002,0.002,0,0,0,0,envitus,70B3D509805D,60,18.0,19.0,2021-10-18 16:07:20
27,6180e3ad20be12f18c9091b5,23.97,86.92,0.872,513.0,0.0,0.003,0.004,0,0,0,0,envitus,70B3D509805D,60,39.0,46.0,2021-11-02 07:07:21
28,6166071d54811a28701d2049,24.82,70.97,0.245,479.0,0.0,0.003,0.002,0,0,0,0,envitus,70B3D509805D,60,28.0,30.0,2021-10-12 22:07:22
29,6182ec2620be12f18c940206,25.02,85.55,0.164,485.0,0.0,0.003,0.0,0,0,0,0,envitus,70B3D509805D,60,41.0,49.0,2021-11-03 20:08:03
30,6167f35954811a2870233eaf,23.23,81.36,0.246,467.0,0.0,0.003,0.0,0,0,0,0,envitus,70B3D509805D,60,10.0,11.0,2021-10-14 09:07:34
31,6181d2ad20be12f18c92f252,22.71,85.83,0.795,539.0,0.0,0.003,0.003,0,0,0,0,envitus,70B3D509805D,60,43.0,53.0,2021-11-03 00:07:05
32,616936bc54811a2870275029,22.74,90.25,0.409,480.0,0.0,0.003,0.001,0,0,0,0,envitus,70B3D509805D,60,10.0,10.0,2021-10-15 08:07:21
33,6174cdf3e66c30339e6d371c,24.78,52.69,0.199,451.0,0.0,0.002,0.0,0,0,0,0,envitus,70B3D509805D,60,28.0,32.0,2021-10-24 03:07:29
34,617fe6a020be12f18c8de82f,23.33,85.04,0.71,508.0,0.0,0.003,0.004,0,0,0,0,envitus,70B3D509805D,60,28.0,29.0,2021-11-01 13:07:41
35,61851e6f20be12f18c9904d7,28.29,73.97,0.319,421.0,0.0,0.003,0.001,0,0,0,0,envitus,70B3D509805D,60,43.0,53.0,2021-11-05 12:07:07
36,6167d71e54811a287022e45e,23.38,83.41,0.28,461.0,0.0,0.003,0.001,0,0,0,0,envitus,70B3D509805D,60,8.0,8.0,2021-10-14 07:07:06
37,6183e92120be12f18c953013,26.89,77.66,0.297,458.0,0.0,0.003,0.002,0,0,0,0,envitus,70B3D509805D,60,44.0,55.0,2021-11-04 14:07:25
38,61656c6154811a28701b2981,27.31,59.7,0.968,457.0,0.0,0.0,0.006,0,0,0,0,envitus,70B3D509805D,60,17.0,20.0,2021-10-12 11:07:10
39,616774a554811a287021a402,23.6,81.44,0.286,468.0,0.0,0.003,0.001,0,0,0,0,envitus,70B3D509805D,60,14.0,14.0,2021-10-14 00:06:58
40,618718dc20be12f18c9fe091,27.15,85.96,0.351,452.0,0.0,0.003,0.002,0,0,0,0,envitus,70B3D509805D,60,44.0,55.0,2021-11-07 00:07:54
41,6173d0b3e66c30339e68cddd,27.39,50.02,0.317,437.0,0.0,0.0,0.0,0,0,0,0,envitus,70B3D509805D,60,34.0,38.0,2021-10-23 09:06:57
42,61809d6020be12f18c8fd47a,23.53,86.3,1.543,538.0,0.0,0.003,0.004,0,0,0,0,envitus,70B3D509805D,60,49.0,62.0,2021-11-02 02:07:25
43,6180b9ab20be12f18c902083,23.53,85.79,0.714,523.0,0.0,0.003,0.004,0,0,0,0,envitus,70B3D509805D,60,38.0,45.0,2021-11-02 04:08:08
44,61673c8d54811a287020fa85,23.71,82.27,0.039,460.0,0.0,0.003,0.0,0,0,0,0,envitus,70B3D509805D,60,6.0,6.0,2021-10-13 20:07:38
45,6169d18854811a287028eb4a,21.99,92.02,0.083,486.0,0.0,0.003,0.0,0,0,0,0,envitus,70B3D509805D,60,12.0,13.0,2021-10-15 19:07:49
46,616c03ee9d4daad11f443d45,22.71,69.92,0.705,484.0,0.0,0.003,0.001,0,0,0,0,envitus,70B3D509805D,60,25.0,27.0,2021-10-17 11:07:23
47,6172633ae66c30339e625d15,23.01,57.8,0.266,455.0,0.0,0.0,0.0,0,0,0,0,envitus,70B3D509805D,60,6.0,6.0,2021-10-22 07:07:34
48,6167046454811a2870204e4c,24.6,80.95,0.065,458.0,0.0,0.002,0.001,0,0,0,0,envitus,70B3D509805D,60,25.0,27.0,2021-10-13 16:08:01
49,616dfe2fe66c30339e55a14e,21.3,90.09,0.372,497.0,0.0,0.003,0.002,0,0,0,0,envitus,70B3D509805D,60,22.0,24.0,2021-10-18 23:07:24
50,617076fce66c30339e5ca13d,26.84,87.71,0.208,481.0,0.0,0.004,0.001,0,0,0,0,envitus,70B3D509805D,60,54.0,67.0,2021-10-20 20:07:20
51,61868c0920be12f18c9df746,27.19,82.51,0.315,431.0,0.0,0.003,0.002,0,0,0,0,envitus,70B3D509805D,60,50.0,62.0,2021-11-06 14:07:01
52,616c90849d4daad11f45c754,19.95,81.49,0.103,480.0,0.0,0.003,0.0,0,0,0,0,envitus,70B3D509805D,60,10.0,10.0,2021-10-17 21:07:12
53,6170e7ade66c30339e5e2012,22.45,77.96,0.389,477.0,0.0,0.001,0.002,0,0,0,0,envitus,70B3D509805D,60,5.0,5.0,2021-10-21 04:08:10
54,61744136e66c30339e6acc8c,22.79,63.89,0.182,460.0,0.0,0.003,0.0,0,0,0,0,envitus,70B3D509805D,60,37.0,44.0,2021-10-23 17:06:59
55,617edb4d20be12f18c8ae156,22.33,88.38,0.226,502.0,0.0,0.002,0.001,0,0,0,0,envitus,70B3D509805D,60,23.0,24.0,2021-10-31 18:07:06
56,61721d06e66c30339e618240,21.37,68.1,0.371,472.0,0.0,0.002,0.002,0,0,0,0,envitus,70B3D509805D,60,9.0,10.0,2021-10-22 02:08:04
57,617e6aca20be12f18c899c63,22.67,87.77,1.023,496.0,0.0,0.002,0.005,0,0,0,0,envitus,70B3D509805D,60,38.0,47.0,2021-10-31 10:07:04
58,617006aae66c30339e5b6173,29.09,74.96,0.649,458.0,0.0,0.003,0.004,0,0,0,0,envitus,70B3D509805D,60,36.0,44.0,2021-10-20 12:08:04
59,617dec7e20be12f18c882d0c,22.03,84.56,0.571,497.0,0.0,0.003,0.001,0,0,0,0,envitus,70B3D509805D,60,32.0,38.0,2021-10-31 01:08:10
60,6180490120be12f18c8ef0eb,22.88,85.87,0.257,503.0,0.0,0.003,0.001,0,0,0,0,envitus,70B3D509805D,60,27.0,29.0,2021-11-01 20:07:25
61,6172efe8e66c30339e64d39c,21.04,64.22,0.243,467.0,0.0,0.002,0.001,0,0,0,0,envitus,70B3D509805D,60,34.0,41.0,2021-10-22 17:07:49
62,616928a954811a2870271bdd,22.68,89.88,0.275,478.0,0.0,0.003,0.0,0,0,0,0,envitus,70B3D509805D,60,7.0,7.0,2021-10-15 07:07:19
63,616ff87be66c30339e5b3958,30.03,71.41,0.743,453.0,0.0,0.003,0.004,0,0,0,0,envitus,70B3D509805D,60,33.0,38.0,2021-10-20 11:07:36
64,616c2e2b9d4daad11f44b241,20.99,78.83,0.312,481.0,0.0,0.003,0.001,0,0,0,0,envitus,70B3D509805D,60,12.0,14.0,2021-10-17 14:07:37
65,616e6ebae66c30339e56d9ef,27.14,72.69,0.322,470.0,0.0,0.002,0.0,0,0,0,0,envitus,70B3D509805D,60,39.0,48.0,2021-10-19 07:07:34
66,617eb13a20be12f18c8a6822,22.56,88.44,0.744,508.0,0.0,0.003,0.003,0,0,0,0,envitus,70B3D509805D,60,36.0,42.0,2021-10-31 15:07:35
67,6170a125e66c30339e5d1991,26.83,87.29,0.374,479.0,0.0,0.0,0.002,0,0,0,0,envitus,70B3D509805D,60,50.0,63.0,2021-10-20 23:07:14
68,616782c154811a287021d149,24.47,76.95,0.645,468.0,0.0,0.003,0.002,0,0,0,0,envitus,70B3D509805D,60,12.0,12.0,2021-10-14 01:07:09
69,61713c00e66c30339e5f01d8,22.95,69.55,0.672,471.0,0.0,0.002,0.001,0,0,0,0,envitus,70B3D509805D,60,9.0,9.0,2021-10-21 10:07:57
70,6182271920be12f18c93c53e,30.56,64.86,0.547,482.0,0.0,0.002,0.001,0,0,0,0,envitus,70B3D509805D,60,48.0,60.0,2021-11-03 06:07:18
71,61858f0c20be12f18c9a7c38,25.69,88.36,0.142,447.0,0.0,0.004,0.001,0,0,0,0,envitus,70B3D509805D,60,37.0,46.0,2021-11-05 20:07:37
72,6167bb1954811a2870228a3a,23.82,80.12,0.283,463.0,0.0,0.003,0.002,0,0,0,0,envitus,70B3D509805D,60,5.0,6.0,2021-10-14 05:07:33
73,6186e08d20be12f18c9f1cd3,26.52,87.27,0.076,437.0,0.0,0.003,0.001,0,0,0,0,envitus,70B3D509805D,60,29.0,32.0,2021-11-06 20:07:38
74,616e60bbe66c30339e56b28f,26.87,73.39,0.328,474.0,0.0,0.003,0.001,0,0,0,0,envitus,70B3D509805D,60,38.0,45.0,2021-10-19 06:07:52
75,61835c7f20be12f18c9431e9,31.27,63.81,0.138,440.0,0.0,0.0,0.0,0,0,0,0,envitus,70B3D509805D,60,35.0,42.0,2021-11-04 04:07:25
76,6183407320be12f18c9425b0,29.96,69.06,0.24,449.0,0.0,0.0,0.001,0,0,0,0,envitus,70B3D509805D,60,36.0,43.0,2021-11-04 02:07:43
77,617e166b20be12f18c88aa18,22.92,83.9,0.69,498.0,0.0,0.003,0.001,0,0,0,0,envitus,70B3D509805D,60,40.0,49.0,2021-10-31 04:07:04
78,6165344f54811a28701a656e,29.88,55.02,0.192,448.0,0.0,0.0,0.001,0,0,0,0,envitus,70B3D509805D,60,14.0,14.0,2021-10-12 07:07:56
79,617ee96f20be12f18c8b0a66,22.24,88.88,0.214,502.0,0.0,0.003,0.001,0,0,0,0,envitus,70B3D509805D,60,22.0,24.0,2021-10-31 19:07:25
80,61843d8a20be12f18c9630e1,25.37,88.37,0.208,477.0,0.0,0.005,0.002,0,0,0,0,envitus,70B3D509805D,60,49.0,63.0,2021-11-04 20:07:34
81,618742ec20be12f18ca072c2,31.57,66.57,0.137,415.0,0.0,0.001,0.0,0,0,0,0,envitus,70B3D509805D,60,28.0,29.0,2021-11-07 03:07:20
82,61680f5f54811a28702398e5,22.26,88.37,0.662,477.0,0.0,0.003,0.003,0,0,0,0,envitus,70B3D509805D,60,11.0,13.0,2021-10-14 11:07:08
83,61690ca454811a287026b300,22.82,91.0,0.428,484.0,0.0,0.003,0.002,0,0,0,0,envitus,70B3D509805D,60,11.0,10.0,2021-10-15 05:07:45
84,6163643554811a287014837b,24.79,90.41,0.198,486.0,0.0,0.003,0.001,0,0,0,0,envitus,70B3D509805D,60,32.0,34.0,2021-10-10 22:07:46
85,616c82839d4daad11f459fbe,20.15,85.96,0.124,480.0,0.0,0.003,0.001,0,0,0,0,envitus,70B3D509805D,60,16.0,16.0,2021-10-17 20:07:27
86,61648b7c54811a287018399e,24.72,75.72,0.204,490.0,0.0,0.002,0.0,0,0,0,0,envitus,70B3D509805D,60,31.0,37.0,2021-10-11 19:07:37
87,6171ba79e66c30339e60673b,21.94,71.03,0.115,469.0,0.0,0.002,0.001,0,0,0,0,envitus,70B3D509805D,60,8.0,8.0,2021-10-21 19:07:34
88,617d279920be12f18c85c82b,21.01,86.31,0.488,480.0,0.0,0.003,0.002,0,0,0,0,envitus,70B3D509805D,60,11.0,12.0,2021-10-30 11:08:06
89,616d7fabe66c30339e544fc0,20.92,88.1,0.471,492.0,0.0,0.003,0.001,0,0,0,0,envitus,70B3D509805D,60,12.0,14.0,2021-10-18 14:07:36
90,618556b320be12f18c99c25f,26.26,85.27,0.201,440.0,0.0,0.004,0.001,0,0,0,0,envitus,70B3D509805D,60,40.0,49.0,2021-11-05 16:07:13
91,616d8db3e66c30339e54766f,20.96,87.91,0.394,492.0,0.0,0.003,0.001,0,0,0,0,envitus,70B3D509805D,60,15.0,17.0,2021-10-18 15:07:28
92,6163805b54811a287014cd51,24.5,92.14,0.435,497.0,0.0,0.003,0.001,0,0,0,0,envitus,70B3D509805D,60,10.0,11.0,2021-10-11 00:07:52
93,618386b820be12f18c94448f,33.0,56.73,0.178,427.0,0.0,0.0,0.002,0,0,0,0,envitus,70B3D509805D,60,11.0,11.0,2021-11-04 07:07:33
94,6168016754811a2870236be2,22.72,84.82,0.361,470.0,0.0,0.003,0.002,0,0,0,0,envitus,70B3D509805D,60,8.0,8.0,2021-10-14 10:07:31
95,6183b10e20be12f18c9482e5,31.94,61.03,0.639,438.0,0.0,0.001,0.005,0,0,0,0,envitus,70B3D509805D,60,27.0,29.0,2021-11-04 10:08:11
96,6180570220be12f18c8f16ad,22.68,87.67,0.316,510.0,0.0,0.002,0.002,0,0,0,0,envitus,70B3D509805D,60,29.0,33.0,2021-11-01 21:07:11
97,616ace74074ea276ed70dafc,20.29,89.22,0.256,488.0,0.0,0.003,0.0,0,0,0,0,envitus,70B3D509805D,60,5.0,5.0,2021-10-16 13:06:57
98,6182b3e720be12f18c93ea71,25.35,85.03,0.296,487.0,0.0,0.003,0.002,0,0,0,0,envitus,70B3D509805D,60,46.0,57.0,2021-11-03 16:08:05
99,617f058c20be12f18c8b5c62,21.94,89.75,0.247,505.0,0.0,0.003,0.002,0,0,0,0,envitus,70B3D509805D,60,21.0,22.0,2021-10-31 21:07:21
100,6162c98954811a287012dbd7,24.66,92.82,0.321,467.0,0.0,0.004,0.002,0,0,0,0,envitus,70B3D509805D,60,8.0,9.0,2021-10-10 11:07:50
101,61727f48e66c30339e62d183,22.15,61.04,0.452,457.0,0.0,0.002,0.001,0,0,0,0,envitus,70B3D509805D,60,14.0,15.0,2021-10-22 09:07:16
102,6165c0ec54811a28701c493e,25.15,64.48,0.104,465.0,0.0,0.002,0.001,0,0,0,0,envitus,70B3D509805D,60,17.0,18.0,2021-10-12 17:07:52
103,6182c1f420be12f18c93f065,25.19,85.6,0.189,487.0,0.0,0.003,0.002,0,0,0,0,envitus,70B3D509805D,60,45.0,57.0,2021-11-03 17:08:01
104,61869a5120be12f18c9e2927,27.0,84.52,0.315,438.0,0.0,0.003,0.002,0,0,0,0,envitus,70B3D509805D,60,45.0,56.0,2021-11-06 15:07:57
105,616fc04be66c30339e5a9d6d,33.73,59.34,0.125,443.0,0.0,0.001,0.0,0,0,0,0,envitus,70B3D509805D,60,20.0,22.0,2021-10-20 07:07:52
106,6171e4bee66c30339e60dc93,21.77,70.35,0.138,473.0,0.0,0.002,0.001,0,0,0,0,envitus,70B3D509805D,60,9.0,9.0,2021-10-21 22:07:56
107,616e1a56e66c30339e55eb26,21.94,87.57,0.873,501.0,0.0,0.003,0.004,0,0,0,0,envitus,70B3D509805D,60,26.0,28.0,2021-10-19 01:07:31
108,6166235e54811a28701d76ec,25.3,66.96,0.294,468.0,0.0,0.003,0.001,0,0,0,0,envitus,70B3D509805D,60,16.0,17.0,2021-10-13 00:07:55
109,6172b778e66c30339e63ced1,21.16,61.52,0.424,465.0,0.0,0.002,0.001,0,0,0,0,envitus,70B3D509805D,60,47.0,56.0,2021-10-22 13:07:01
110,616fce36e66c30339e5ac3e6,33.82,58.73,0.148,442.0,0.0,0.002,0.0,0,0,0,0,envitus,70B3D509805D,60,23.0,24.0,2021-10-20 08:07:15
111,617d359920be12f18c85f663,21.25,85.35,0.475,481.0,0.0,0.003,0.001,0,0,0,0,envitus,70B3D509805D,60,9.0,9.0,2021-10-30 12:07:50
112,616596c454811a28701bb896,25.5,63.44,0.371,462.0,0.0,0.002,0.001,0,0,0,0,envitus,70B3D509805D,60,19.0,20.0,2021-10-12 14:08:00
113,617ecd5520be12f18c8ab8d6,22.3,89.11,0.352,503.0,0.0,0.003,0.001,0,0,0,0,envitus,70B3D509805D,60,22.0,24.0,2021-10-31 17:07:29
114,6168e25954811a2870261fff,22.11,92.96,0.702,489.0,0.0,0.003,0.003,0,0,0,0,envitus,70B3D509805D,60,10.0,10.0,2021-10-15 02:07:18
115,616e8ab5e66c30339e57287f,26.67,76.04,0.702,469.0,0.0,0.002,0.002,0,0,0,0,envitus,70B3D509805D,60,42.0,50.0,2021-10-19 09:06:57
116,616da9b6e66c30339e54c18d,20.91,89.86,0.281,492.0,0.0,0.003,0.002,0,0,0,0,envitus,70B3D509805D,60,21.0,22.0,2021-10-18 17:06:59
117,6175bcf3e66c30339e714c69,22.18,79.47,0.511,487.0,0.0,0.003,0.001,0,0,0,0,envitus,70B3D509805D,60,84.0,88.0,2021-10-24 20:07:12
118,6185d56020be12f18c9b6573,27.31,83.5,0.423,450.0,0.0,0.003,0.001,0,0,0,0,envitus,70B3D509805D,60,46.0,57.0,2021-11-06 01:07:29
119,616d09ffe66c30339e531783,20.04,89.92,0.307,484.0,0.0,0.004,0.0,0,0,0,0,envitus,70B3D509805D,60,10.0,11.0,2021-10-18 05:45:31
120,617e087a20be12f18c8881b6,22.49,83.41,0.599,498.0,0.0,0.002,0.002,0,0,0,0,envitus,70B3D509805D,60,40.0,50.0,2021-10-31 03:07:34
121,6165262254811a28701a319e,29.14,56.04,0.113,453.0,0.0,0.0,0.001,0,0,0,0,envitus,70B3D509805D,60,11.0,11.0,2021-10-12 06:07:26
122,61629f5f54811a287012622e,24.92,91.65,0.22,461.0,0.0,0.003,0.002,0,0,0,0,envitus,70B3D509805D,60,12.0,12.0,2021-10-10 08:07:56
123,616fea77e66c30339e5b128f,32.87,63.43,0.357,443.0,0.0,0.001,0.001,0,0,0,0,envitus,70B3D509805D,60,27.0,28.0,2021-10-20 10:07:48
124,616863d654811a287024a76e,22.27,89.59,0.329,479.0,0.0,0.003,0.0,0,0,0,0,envitus,70B3D509805D,60,26.0,30.0,2021-10-14 17:07:30
125,618010cf20be12f18c8e5979,23.54,83.49,0.598,514.0,0.0,0.003,0.002,0,0,0,0,envitus,70B3D509805D,60,24.0,24.0,2021-11-01 16:07:39
126,616c9e8c9d4daad11f45eed6,18.84,89.72,0.117,485.0,0.0,0.003,0.0,0,0,0,0,envitus,70B3D509805D,60,11.0,12.0,2021-10-17 22:07:05
127,6165eb0f54811a28701cca81,25.42,67.01,0.143,468.0,0.0,0.003,0.002,0,0,0,0,envitus,70B3D509805D,60,24.0,27.0,2021-10-12 20:07:40
128,617022b0e66c30339e5bb177,27.46,81.63,0.292,462.0,0.0,0.004,0.001,0,0,0,0,envitus,70B3D509805D,60,38.0,46.0,2021-10-20 14:07:41
129,6166154c54811a28701d4bd3,24.74,69.41,0.273,475.0,0.0,0.002,0.0,0,0,0,0,envitus,70B3D509805D,60,32.0,38.0,2021-10-12 23:07:53
130,6169c37654811a287028c153,21.96,92.82,0.087,485.0,0.0,0.003,0.001,0,0,0,0,envitus,70B3D509805D,60,9.0,9.0,2021-10-15 18:07:46
131,616d63a7e66c30339e54030d,20.68,89.56,1.142,501.0,0.0,0.003,0.005,0,0,0,0,envitus,70B3D509805D,60,17.0,18.0,2021-10-18 12:08:05
132,616693ea54811a28701ee1ee,24.8,83.22,0.57,459.0,0.0,0.003,0.001,0,0,0,0,envitus,70B3D509805D,60,33.0,38.0,2021-10-13 08:08:07
133,618483ec20be12f18c9702f1,27.46,82.27,0.47,479.0,0.0,0.004,0.001,0,0,0,0,envitus,70B3D509805D,60,46.0,59.0,2021-11-05 01:07:53
134,618002da20be12f18c8e33e1,23.51,83.96,0.672,518.0,0.0,0.003,0.002,0,0,0,0,envitus,70B3D509805D,60,25.0,26.0,2021-11-01 15:08:07
135,61657a9d54811a28701b57db,26.46,60.72,0.359,456.0,0.0,0.002,0.001,0,0,0,0,envitus,70B3D509805D,60,36.0,41.0,2021-10-12 12:07:55
136,617d519520be12f18c864d40,21.32,87.04,0.501,481.0,0.0,0.003,0.002,0,0,0,0,envitus,70B3D509805D,60,20.0,21.0,2021-10-30 14:07:14
137,61801ec120be12f18c8e7f08,23.4,83.22,0.381,507.0,0.0,0.002,0.002,0,0,0,0,envitus,70B3D509805D,60,21.0,22.0,2021-11-01 17:07:10
138,617f59df20be12f18c8c59a2,22.43,88.38,0.807,518.0,0.0,0.003,0.005,0,0,0,0,envitus,70B3D509805D,60,21.0,22.0,2021-11-01 03:07:08
139,6174a3e3e66c30339e6c8158,21.59,66.87,0.278,468.0,0.0,0.003,0.001,0,0,0,0,envitus,70B3D509805D,60,37.0,44.0,2021-10-24 00:08:00
140,617030a8e66c30339e5bd910,27.15,84.51,0.387,470.0,0.0,0.004,0.001,0,0,0,0,envitus,70B3D509805D,60,46.0,58.0,2021-10-20 15:07:16
141,61849fdd20be12f18c976318,30.53,67.37,0.23,444.0,0.0,0.002,0.001,0,0,0,0,envitus,70B3D509805D,60,31.0,34.0,2021-11-05 03:07:06
142,616e7cb6e66c30339e570104,27.35,72.63,0.449,467.0,0.0,0.002,0.002,0,0,0,0,envitus,70B3D509805D,60,41.0,48.0,2021-10-19 08:07:15
143,61740900e66c30339e69cc9f,24.18,63.72,1.25,471.0,0.0,0.003,0.004,0,0,0,0,envitus,70B3D509805D,60,58.0,68.0,2021-10-23 13:07:09
144,616badba074ea276ed71fe14,23.19,64.09,0.32,482.0,0.0,0.002,0.002,0,0,0,3072,envitus,70B3D509805D,60,4.0,4.0,2021-10-17 04:07:33
145,616871ca54811a287024d102,21.85,92.0,0.157,476.0,0.0,0.003,0.0,0,0,0,0,envitus,70B3D509805D,60,20.0,21.0,2021-10-14 18:07:02
146,6169b57454811a2870289798,21.86,93.64,0.09,483.0,0.0,0.003,0.0,0,0,0,0,envitus,70B3D509805D,60,9.0,9.0,2021-10-15 17:08:00
147,61723910e66c30339e61d43d,22.06,64.42,0.368,467.0,0.0,0.002,0.001,0,0,0,0,envitus,70B3D509805D,60,9.0,10.0,2021-10-22 04:07:41
148,6163563354811a2870145ea6,24.93,90.58,0.162,485.0,0.0,0.003,0.0,0,0,0,0,envitus,70B3D509805D,60,19.0,21.0,2021-10-10 21:08:00
149,6173280de66c30339e65d14c,20.63,64.17,0.095,462.0,0.0,0.002,0.0,0,0,0,0,envitus,70B3D509805D,60,20.0,20.0,2021-10-22 21:07:22
150,61742540e66c30339e6a4cdd,23.51,65.45,0.794,475.0,0.0,0.003,0.001,0,0,0,0,envitus,70B3D509805D,60,87.0,94.0,2021-10-23 15:07:41
151,616d396be66c30339e53947d,20.11,91.41,0.443,482.0,0.0,0.003,0.001,0,0,0,0,envitus,70B3D509805D,60,9.0,9.0,2021-10-18 09:07:52
152,6176118be66c30339e72b784,25.75,57.91,0.544,457.0,0.0,0.0,0.001,0,0,0,0,envitus,70B3D509805D,60,52.0,65.0,2021-10-25 02:08:08
153,617e86ed20be12f18c89edd3,22.72,88.17,0.98,502.0,0.0,0.003,0.004,0,0,0,0,envitus,70B3D509805D,60,45.0,57.0,2021-10-31 12:07:05
154,6185f15c20be12f18c9bc349,29.55,74.97,0.366,438.0,0.0,0.003,0.001,0,0,0,0,envitus,70B3D509805D,60,40.0,50.0,2021-11-06 03:07:05
155,617d195d20be12f18c859992,21.0,87.43,0.587,479.0,0.0,0.002,0.002,0,0,0,0,envitus,70B3D509805D,60,13.0,14.0,2021-10-30 10:07:22
156,6171f2dae66c30339e6103a3,21.73,68.78,0.19,472.0,0.0,0.003,0.001,0,0,0,0,envitus,70B3D509805D,60,6.0,6.0,2021-10-21 23:08:07
157,61870ad920be12f18c9fafda,26.53,87.23,0.192,445.0,0.0,0.003,0.001,0,0,0,0,envitus,70B3D509805D,60,32.0,37.0,2021-11-06 23:08:05
158,616acbe9074ea276ed70ceed,20.87,86.33,0.287,485.0,0.0,0.003,0.0,0,0,0,3072,envitus,70B3D509805D,60,4.0,4.0,2021-10-16 12:44:57
159,61631df954811a287013c950,24.79,91.93,0.192,480.0,0.0,0.003,0.001,0,0,0,0,envitus,70B3D509805D,60,11.0,12.0,2021-10-10 17:08:06
160,6172fdfbe66c30339e6513d7,20.77,63.58,0.102,462.0,0.0,0.002,0.001,0,0,0,0,envitus,70B3D509805D,60,27.0,28.0,2021-10-22 18:07:52
161,616eed4ee66c30339e5851f0,25.16,84.09,1.435,521.0,0.0,0.004,0.007,0,0,0,0,envitus,70B3D509805D,60,82.0,89.0,2021-10-19 16:07:38
162,6162bb5854811a287012b347,24.74,92.81,0.318,465.0,0.0,0.003,0.002,0,0,0,0,envitus,70B3D509805D,60,12.0,12.0,2021-10-10 10:07:17
163,6168399254811a2870242070,22.05,90.3,0.209,477.0,0.0,0.003,0.001,0,0,0,0,envitus,70B3D509805D,60,10.0,11.0,2021-10-14 14:07:11
164,61867e1c20be12f18c9dc449,27.65,79.44,0.329,428.0,0.0,0.003,0.001,0,0,0,0,envitus,70B3D509805D,60,52.0,66.0,2021-11-06 13:07:36
165,616339eb54811a2870141450,25.18,90.73,0.161,485.0,0.0,0.002,0.001,0,0,0,0,envitus,70B3D509805D,60,14.0,15.0,2021-10-10 19:07:20
166,618645d120be12f18c9cf662,31.42,65.78,0.238,404.0,0.0,0.0,0.001,0,0,0,0,envitus,70B3D509805D,60,32.0,39.0,2021-11-06 09:07:26
167,6184ae2020be12f18c9795fb,31.26,65.58,0.267,441.0,0.0,0.001,0.001,0,0,0,0,envitus,70B3D509805D,60,30.0,32.0,2021-11-05 04:07:56
168,616c3c579d4daad11f44d9bd,20.89,79.77,0.269,481.0,0.0,0.003,0.0,0,0,0,0,envitus,70B3D509805D,60,11.0,10.0,2021-10-17 15:08:04
169,616e2844e66c30339e5611a9,22.93,83.88,0.931,496.0,0.0,0.003,0.001,0,0,0,0,envitus,70B3D509805D,60,17.0,18.0,2021-10-19 02:06:57
170,616eb4e6e66c30339e57a65c,25.33,82.33,1.927,507.0,0.0,0.003,0.013,0,0,0,0,envitus,70B3D509805D,60,63.0,72.0,2021-10-19 12:07:00
171,61664d8e54811a28701dfcda,27.21,62.31,0.378,450.0,0.0,0.002,0.002,0,0,0,0,envitus,70B3D509805D,60,23.0,25.0,2021-10-13 03:07:54
172,6172a96be66c30339e638daf,21.34,60.86,0.512,466.0,0.0,0.002,0.001,0,0,0,0,envitus,70B3D509805D,60,35.0,41.0,2021-10-22 12:07:03
173,617cef3a20be12f18c8512ee,21.51,83.79,0.348,479.0,0.0,0.002,0.002,0,0,0,0,envitus,70B3D509805D,60,8.0,9.0,2021-10-30 07:07:35
174,617d439820be12f18c862258,21.33,85.72,0.454,480.0,0.0,0.003,0.001,0,0,0,0,envitus,70B3D509805D,60,14.0,16.0,2021-10-30 13:07:33
175,6164dfe754811a2870193d86,26.88,64.94,0.488,476.0,0.0,0.002,0.001,0,0,0,0,envitus,70B3D509805D,60,25.0,26.0,2021-10-12 01:07:48
176,616c74959d4daad11f45785e,19.79,87.43,0.134,481.0,0.0,0.003,0.0,0,0,0,0,envitus,70B3D509805D,60,19.0,21.0,2021-10-17 19:08:02
177,616d1d2be66c30339e534966,20.07,90.91,0.319,484.0,0.0,0.003,0.001,0,0,0,0,envitus,70B3D509805D,60,11.0,13.0,2021-10-18 07:07:19
178,61706913e66c30339e5c7989,26.94,87.08,0.212,478.0,0.0,0.005,0.002,0,0,0,0,envitus,70B3D509805D,60,53.0,66.0,2021-10-20 19:08:00
179,61696f1e54811a287027b957,22.05,92.7,0.601,489.0,0.0,0.003,0.003,0,0,0,0,envitus,70B3D509805D,60,7.0,8.0,2021-10-15 12:07:55
180,616e98fde66c30339e575262,26.09,78.19,1.183,482.0,0.0,0.002,0.004,0,0,0,0,envitus,70B3D509805D,60,43.0,54.0,2021-10-19 10:07:54
181,6167126754811a2870207b22,24.69,80.91,0.037,461.0,0.0,0.003,0.0,0,0,0,0,envitus,70B3D509805D,60,26.0,26.0,2021-10-13 17:07:48
182,6162ad5c54811a2870128932,24.63,92.78,0.244,461.0,0.0,0.003,0.0,0,0,0,0,envitus,70B3D509805D,60,11.0,12.0,2021-10-10 09:07:38
183,61842f8020be12f18c960864,25.51,87.08,0.186,473.0,0.0,0.004,0.001,0,0,0,0,envitus,70B3D509805D,60,45.0,55.0,2021-11-04 19:07:40
184,6184218720be12f18c95decd,25.66,85.6,0.168,474.0,0.0,0.004,0.001,0,0,0,0,envitus,70B3D509805D,60,41.0,53.0,2021-11-04 18:08:04
185,6164fc0754811a2870199e1c,26.77,63.28,0.403,467.0,0.0,0.0,0.002,0,0,0,0,envitus,70B3D509805D,60,21.0,22.0,2021-10-12 03:07:47
186,616b14d9074ea276ed71b46d,21.09,78.96,0.108,484.0,0.0,0.003,0.0,0,0,0,0,envitus,70B3D509805D,60,0.0,0.0,2021-10-16 18:07:18
187,616c583b9d4daad11f45284c,20.61,79.18,0.138,480.0,0.0,0.003,0.001,0,0,0,0,envitus,70B3D509805D,60,10.0,10.0,2021-10-17 17:07:05
188,6164edd854811a2870196cf2,26.8,62.3,0.304,465.0,0.0,0.0,0.002,0,0,0,0,envitus,70B3D509805D,60,15.0,16.0,2021-10-12 02:07:17
189,6173a6bde66c30339e680ee6,26.78,46.19,0.108,443.0,0.0,0.0,0.0,0,0,0,0,envitus,70B3D509805D,60,34.0,39.0,2021-10-23 06:07:54
190,616d2b31e66c30339e536f32,19.82,91.27,0.306,480.0,0.0,0.003,0.001,0,0,0,0,envitus,70B3D509805D,60,8.0,9.0,2021-10-18 08:07:09
191,61752249e66c30339e6ea711,28.43,49.98,0.328,433.0,0.0,0.0,0.0,0,0,0,0,envitus,70B3D509805D,60,43.0,53.0,2021-10-24 09:07:18
192,6168d47654811a287025f6fc,22.06,92.42,0.804,487.0,0.0,0.003,0.002,0,0,0,0,envitus,70B3D509805D,60,9.0,9.0,2021-10-15 01:08:03
193,61714a13e66c30339e5f28bc,22.62,68.36,0.633,472.0,0.0,0.002,0.001,0,0,0,0,envitus,70B3D509805D,60,8.0,9.0,2021-10-21 11:08:00
194,61746b75e66c30339e6b8999,22.07,66.7,0.182,466.0,0.0,0.003,0.0,0,0,0,0,envitus,70B3D509805D,60,101.0,110.0,2021-10-23 20:07:14
195,617ef77420be12f18c8b3340,22.04,89.76,0.198,504.0,0.0,0.003,0.001,0,0,0,0,envitus,70B3D509805D,60,21.0,21.0,2021-10-31 20:07:13
196,6163f0ec54811a2870162f13,24.12,90.93,0.469,490.0,0.0,0.002,0.001,0,0,0,0,envitus,70B3D509805D,60,12.0,13.0,2021-10-11 08:08:10
197,61859d0720be12f18c9aaa10,25.66,89.04,0.168,447.0,0.0,0.004,0.002,0,0,0,0,envitus,70B3D509805D,60,40.0,50.0,2021-11-05 21:07:15
198,616be7b69d4daad11f43ee9a,23.12,69.18,0.676,481.0,0.0,0.002,0.001,0,0,0,0,envitus,70B3D509805D,60,9.0,9.0,2021-10-17 09:06:59
199,6163d4c554811a287015ce69,24.67,90.23,0.499,490.0,0.0,0.003,0.002,0,0,0,0,envitus,70B3D509805D,60,13.0,15.0,2021-10-11 06:08:01
200,618564fb20be12f18c99f224,26.04,86.8,0.21,444.0,0.0,0.004,0.003,0,0,0,0,envitus,70B3D509805D,60,43.0,53.0,2021-11-05 17:08:08
201,6181e0ec20be12f18c9315e7,23.14,84.93,1.347,550.0,0.0,0.002,0.008,0,0,0,0,envitus,70B3D509805D,60,49.0,62.0,2021-11-03 01:07:54
202,617dde2b20be12f18c880062,21.76,85.37,0.536,492.0,0.0,0.003,0.001,0,0,0,0,envitus,70B3D509805D,60,36.0,44.0,2021-10-31 00:07:04
203,6180ab6120be12f18c8ffa15,23.29,86.43,0.911,526.0,0.0,0.003,0.004,0,0,0,0,envitus,70B3D509805D,60,43.0,53.0,2021-11-02 03:07:10
204,61705ae9e66c30339e5c5114,26.94,86.93,0.218,478.0,0.0,0.005,0.001,0,0,0,0,envitus,70B3D509805D,60,55.0,69.0,2021-10-20 18:07:35
205,617d7bc320be12f18c86cf44,20.96,89.43,0.273,483.0,0.0,0.002,0.0,0,0,0,0,envitus,70B3D509805D,60,20.0,20.0,2021-10-30 17:07:12
206,617d6dda20be12f18c86a463,20.98,89.13,0.36,483.0,0.0,0.003,0.002,0,0,0,0,envitus,70B3D509805D,60,21.0,22.0,2021-10-30 16:07:52
207,61691a9e54811a287026e786,22.91,90.4,0.291,479.0,0.0,0.003,0.002,0,0,0,0,envitus,70B3D509805D,60,8.0,8.0,2021-10-15 06:07:23
208,61725511e66c30339e6229cb,23.08,58.19,0.141,458.0,0.0,0.002,0.0,0,0,0,0,envitus,70B3D509805D,60,5.0,5.0,2021-10-22 06:07:10
209,6183080a20be12f18c940da6,24.69,85.71,0.259,489.0,0.0,0.003,0.0,0,0,0,0,envitus,70B3D509805D,60,39.0,47.0,2021-11-03 22:07:03
210,616efb3ae66c30339e587926,25.0,85.42,1.742,536.0,0.0,0.003,0.006,0,0,0,0,envitus,70B3D509805D,60,93.0,99.0,2021-10-19 17:07:03
211,6173defae66c30339e690eb2,27.56,50.96,0.603,448.0,0.0,0.002,0.001,0,0,0,0,envitus,70B3D509805D,60,47.0,58.0,2021-10-23 10:07:50
212,6165cecf54811a28701c73c8,25.18,64.4,0.165,465.0,0.0,0.003,0.001,0,0,0,0,envitus,70B3D509805D,60,26.0,29.0,2021-10-12 18:07:08
213,617db42f20be12f18c877e2a,21.12,88.43,0.316,486.0,0.0,0.003,0.002,0,0,0,0,envitus,70B3D509805D,60,33.0,38.0,2021-10-30 21:07:56
214,616509f554811a287019ce55,27.58,61.57,0.345,459.0,0.0,0.001,0.002,0,0,0,0,envitus,70B3D509805D,60,19.0,19.0,2021-10-12 04:07:14
215,618129f520be12f18c914ccc,23.43,86.2,0.986,521.0,0.0,0.003,0.006,0,0,0,0,envitus,70B3D509805D,60,29.0,32.0,2021-11-02 12:07:14
216,6185730720be12f18c9a2047,25.95,87.49,0.153,444.0,0.0,0.004,0.001,0,0,0,0,envitus,70B3D509805D,60,40.0,50.0,2021-11-05 18:08:04
217,61755a9fe66c30339e6f9d98,24.3,67.77,0.626,451.0,0.0,0.003,0.002,0,0,0,0,envitus,70B3D509805D,60,51.0,63.0,2021-10-24 13:07:40
218,616ea6f9e66c30339e577c7d,25.57,80.56,1.87,496.0,0.0,0.003,0.008,0,0,0,0,envitus,70B3D509805D,60,53.0,66.0,2021-10-19 11:07:34
219,617f921720be12f18c8d00d6,23.86,83.05,0.642,499.0,0.0,0.003,0.002,0,0,0,0,envitus,70B3D509805D,60,18.0,20.0,2021-11-01 07:07:01
220,61711fece66c30339e5eb94c,23.33,67.82,0.497,467.0,0.0,0.0,0.001,0,0,0,0,envitus,70B3D509805D,60,3.0,4.0,2021-10-21 08:08:08
221,616f1787e66c30339e58c90d,24.77,85.94,0.584,505.0,0.0,0.003,0.001,0,0,0,0,envitus,70B3D509805D,60,81.0,87.0,2021-10-19 19:07:48
222,61703ea8e66c30339e5c0082,26.9,86.42,0.345,475.0,0.0,0.004,0.001,0,0,0,0,envitus,70B3D509805D,60,49.0,63.0,2021-10-20 16:07:02
223,616ed13ee66c30339e57fdde,25.21,83.43,1.519,516.0,0.0,0.003,0.01,0,0,0,0,envitus,70B3D509805D,60,72.0,79.0,2021-10-19 14:07:55
224,61744f81e66c30339e6b0d19,22.48,64.14,0.113,461.0,0.0,0.003,0.0,0,0,0,0,envitus,70B3D509805D,60,37.0,44.0,2021-10-23 18:07:58
225,6167c94a54811a287022b7f8,23.51,82.19,0.208,463.0,0.0,0.003,0.0,0,0,0,0,envitus,70B3D509805D,60,5.0,5.0,2021-10-14 06:08:06
226,6173faf3e66c30339e698d45,24.66,59.29,0.603,458.0,0.0,0.002,0.001,0,0,0,0,envitus,70B3D509805D,60,50.0,63.0,2021-10-23 12:07:12
227,61844b8c20be12f18c965919,25.41,87.99,0.206,481.0,0.0,0.004,0.002,0,0,0,0,envitus,70B3D509805D,60,51.0,65.0,2021-11-04 21:07:20
228,6184f47520be12f18c987cb1,32.33,61.43,0.232,433.0,0.0,0.0,0.001,0,0,0,0,envitus,70B3D509805D,60,30.0,33.0,2021-11-05 09:08:01
229,6166be1d54811a28701f6b2f,24.19,87.96,1.268,469.0,0.0,0.005,0.008,0,0,0,0,envitus,70B3D509805D,60,36.0,45.0,2021-10-13 11:08:10
230,61852c7920be12f18c9932ac,27.71,75.34,0.335,427.0,0.0,0.003,0.002,0,0,0,0,envitus,70B3D509805D,60,41.0,49.0,2021-11-05 13:07:02
231,61719e6ae66c30339e601963,22.11,72.5,0.231,472.0,0.0,0.002,0.0,0,0,0,0,envitus,70B3D509805D,60,23.0,26.0,2021-10-21 17:07:50
232,616f41c0e66c30339e593e83,24.55,87.09,0.401,522.0,0.0,0.003,0.001,0,0,0,0,envitus,70B3D509805D,60,71.0,78.0,2021-10-19 22:07:57
233,6185c74d20be12f18c9b3678,26.18,87.42,0.329,452.0,0.0,0.004,0.001,0,0,0,0,envitus,70B3D509805D,60,41.0,52.0,2021-11-06 00:07:38
234,6184d81e20be12f18c9822fb,32.63,61.22,0.258,426.0,0.0,0.0,0.002,0,0,0,0,envitus,70B3D509805D,60,30.0,32.0,2021-11-05 07:07:07
235,616f9609e66c30339e5a282a,31.84,65.42,0.185,457.0,0.0,0.002,0.0,0,0,0,0,envitus,70B3D509805D,60,38.0,46.0,2021-10-20 04:07:35
236,6170853ae66c30339e5cc9ab,26.65,88.59,0.426,476.0,0.202,0.012,0.003,0,0,0,0,envitus,70B3D509805D,60,51.0,64.0,2021-10-20 21:08:06
237,6172c590e66c30339e640ea9,20.96,63.11,0.463,464.0,0.0,0.002,0.001,0,0,0,0,envitus,70B3D509805D,60,42.0,51.0,2021-10-22 14:07:09
238,6180815920be12f18c8f894d,22.88,87.7,0.795,530.0,0.0,0.003,0.004,0,0,0,0,envitus,70B3D509805D,60,35.0,44.0,2021-11-02 00:07:50
239,6180d5b420be12f18c906c0d,24.08,86.47,0.805,517.0,0.0,0.003,0.004,0,0,0,0,envitus,70B3D509805D,60,38.0,45.0,2021-11-02 06:07:46
240,61655e7d54811a28701afc5a,31.11,51.04,0.511,443.0,0.0,0.0,0.001,0,0,0,0,envitus,70B3D509805D,60,19.0,21.0,2021-10-12 10:07:54
241,6165f91854811a28701cf56e,24.55,72.61,0.175,475.0,0.0,0.002,0.001,0,0,0,0,envitus,70B3D509805D,60,26.0,29.0,2021-10-12 21:07:33
242,618653cf20be12f18c9d29c2,30.35,69.04,0.63,413.0,0.0,0.001,0.004,0,0,0,0,envitus,70B3D509805D,60,36.0,43.0,2021-11-06 10:07:08
243,617f682020be12f18c8c85bc,22.64,87.81,0.722,520.0,0.0,0.003,0.002,0,0,0,0,envitus,70B3D509805D,60,18.0,20.0,2021-11-01 04:07:57
244,6184134c20be12f18c95b2ef,25.76,84.17,0.287,477.0,0.0,0.004,0.002,0,0,0,0,envitus,70B3D509805D,60,50.0,62.0,2021-11-04 17:07:21
245,616af8e7074ea276ed715bbd,20.51,84.37,0.157,485.0,0.0,0.003,0.0,0,0,0,0,envitus,70B3D509805D,60,0.0,0.0,2021-10-16 16:08:04
246,617dc22520be12f18c87a983,21.18,87.64,0.333,484.0,0.0,0.003,0.001,0,0,0,0,envitus,70B3D509805D,60,30.0,34.0,2021-10-30 22:07:30
247,6163724054811a287014a873,24.69,90.49,0.224,487.0,0.0,0.002,0.001,0,0,0,0,envitus,70B3D509805D,60,2.0,2.0,2021-10-10 23:07:42
248,61698b2754811a28702811f0,21.91,93.11,0.245,486.0,0.0,0.003,0.001,0,0,0,0,envitus,70B3D509805D,60,5.0,6.0,2021-10-15 14:07:33
249,616f2588e66c30339e58f004,24.75,86.38,0.458,507.0,0.0,0.003,0.001,0,0,0,0,envitus,70B3D509805D,60,77.0,84.0,2021-10-19 20:07:32
250,61736e54e66c30339e670fea,22.41,57.26,0.403,471.0,0.0,0.002,0.0,0,0,0,0,envitus,70B3D509805D,60,34.0,41.0,2021-10-23 02:07:13
251,61751439e66c30339e6e6997,28.77,49.35,0.34,436.0,0.0,0.0,0.001,0,0,0,0,envitus,70B3D509805D,60,44.0,53.0,2021-10-24 08:07:18
252,61697cf854811a287027e51e,21.98,92.83,0.247,482.0,0.0,0.003,0.001,0,0,0,0,envitus,70B3D509805D,60,7.0,7.0,2021-10-15 13:07:00
253,618394ad20be12f18c944ab6,33.08,56.56,0.136,424.0,0.0,0.0,0.001,0,0,0,0,envitus,70B3D509805D,60,14.0,15.0,2021-11-04 08:07:06
254,6182cff720be12f18c93f64d,25.38,85.21,0.148,483.0,0.0,0.004,0.001,0,0,0,0,envitus,70B3D509805D,60,41.0,51.0,2021-11-03 18:07:48
255,616db7f8e66c30339e54e7e9,21.08,89.44,0.238,498.0,0.0,0.003,0.001,0,0,0,0,envitus,70B3D509805D,60,26.0,28.0,2021-10-18 18:07:49
256,6167589b54811a2870214f2d,22.96,89.74,0.092,467.0,0.0,0.003,0.002,0,0,0,0,envitus,70B3D509805D,60,27.0,29.0,2021-10-13 22:07:20
257,616fb244e66c30339e5a767f,33.18,61.62,0.139,445.0,0.0,0.001,0.001,0,0,0,0,envitus,70B3D509805D,60,29.0,32.0,2021-10-20 06:08:01
258,61853ab720be12f18c99615a,27.15,78.36,0.358,433.0,0.0,0.003,0.002,0,0,0,0,envitus,70B3D509805D,60,40.0,50.0,2021-11-05 14:07:47
259,6164d1ac54811a287019108b,24.68,73.68,0.446,492.0,0.0,0.002,0.0,0,0,0,0,envitus,70B3D509805D,60,32.0,40.0,2021-10-12 00:07:05
260,616fa3f9e66c30339e5a4ed6,32.75,63.38,0.227,451.0,0.0,0.002,0.0,0,0,0,0,envitus,70B3D509805D,60,41.0,50.0,2021-10-20 05:07:01
261,616c20169d4daad11f448c4b,21.48,77.55,0.323,479.0,0.0,0.003,0.001,0,0,0,0,envitus,70B3D509805D,60,19.0,20.0,2021-10-17 13:07:31
262,61811bf620be12f18c912989,23.43,86.69,1.767,529.0,0.0,0.003,0.011,0,0,0,0,envitus,70B3D509805D,60,27.0,29.0,2021-11-02 11:07:31
263,6185ab0820be12f18c9ad7d6,25.76,88.42,0.156,448.0,0.0,0.004,0.001,0,0,0,0,envitus,70B3D509805D,60,35.0,40.0,2021-11-05 22:07:01
264,618475ea20be12f18c96d63c,26.06,87.73,0.31,478.0,0.0,0.003,0.001,0,0,0,0,envitus,70B3D509805D,60,47.0,58.0,2021-11-05 00:08:07
265,61860d9120be12f18c9c27d3,31.14,68.73,0.213,413.0,0.0,0.002,0.001,0,0,0,0,envitus,70B3D509805D,60,35.0,40.0,2021-11-06 05:07:26
266,617dd02520be12f18c87d4df,21.44,86.27,0.451,489.0,0.0,0.003,0.0,0,0,0,0,envitus,70B3D509805D,60,32.0,39.0,2021-10-30 23:07:14
267,6183246020be12f18c94198c,25.69,82.31,0.54,488.0,0.0,0.003,0.001,0,0,0,0,envitus,70B3D509805D,60,37.0,44.0,2021-11-04 00:07:56
268,6175aef9e66c30339e710ee3,22.69,77.55,0.324,468.0,0.0,0.003,0.001,0,0,0,0,envitus,70B3D509805D,60,72.0,78.0,2021-10-24 19:07:33
269,6168b84e54811a287025a314,21.85,92.42,0.172,478.0,0.0,0.003,0.001,0,0,0,0,envitus,70B3D509805D,60,1.0,1.0,2021-10-14 23:07:55
270,6173606fe66c30339e66d07e,21.6,61.79,0.578,474.0,0.0,0.003,0.002,0,0,0,0,envitus,70B3D509805D,60,41.0,51.0,2021-10-23 01:07:56
271,617cc08020be12f18c847497,21.83,87.52,0.51,490.0,0.0,0.003,0.002,0,0,0,3072,envitus,70B3D509805D,60,10.0,10.0,2021-10-30 03:48:04
272,61803afc20be12f18c8ecb02,23.28,83.18,0.258,506.0,0.0,0.003,0.002,0,0,0,0,envitus,70B3D509805D,60,26.0,28.0,2021-11-01 19:07:37
273,6163b88254811a287015715f,24.43,90.42,0.506,500.0,0.0,0.003,0.001,0,0,0,0,envitus,70B3D509805D,60,10.0,12.0,2021-10-11 04:07:27
274,61810e0520be12f18c9103c4,23.41,86.78,1.118,513.0,0.0,0.003,0.007,0,0,0,0,envitus,70B3D509805D,60,21.0,22.0,2021-11-02 10:08:02
275,6166afcd54811a28701f3cc6,24.29,87.16,0.674,460.0,0.0,0.005,0.002,0,0,0,0,envitus,70B3D509805D,60,23.0,24.0,2021-10-13 10:07:06
276,616685a354811a28701eb373,25.13,79.89,0.556,451.0,0.0,0.003,0.001,0,0,0,0,envitus,70B3D509805D,60,14.0,17.0,2021-10-13 07:07:13
277,617103afe66c30339e5e6d9c,22.71,71.84,0.297,467.0,0.0,0.001,0.0,0,0,0,0,envitus,70B3D509805D,60,1.0,1.0,2021-10-21 06:07:40
278,61641b1a54811a287016c0ad,24.0,89.73,1.055,501.0,0.0,0.003,0.005,0,0,0,0,envitus,70B3D509805D,60,8.0,9.0,2021-10-11 11:08:06
279,6173b4bce66c30339e684f3c,28.31,44.31,0.135,441.0,0.0,0.0,0.0,0,0,0,0,envitus,70B3D509805D,60,28.0,29.0,2021-10-23 07:07:36
280,616de23de66c30339e555801,21.34,89.92,0.229,496.0,0.0,0.003,0.001,0,0,0,0,envitus,70B3D509805D,60,33.0,37.0,2021-10-18 21:08:10
281,617576c9e66c30339e7018e1,23.85,70.73,0.79,460.0,0.0,0.003,0.003,0,0,0,0,envitus,70B3D509805D,60,56.0,68.0,2021-10-24 15:07:50
282,616fdc35e66c30339e5aead7,33.28,61.7,0.346,444.0,0.0,0.001,0.001,0,0,0,0,envitus,70B3D509805D,60,28.0,29.0,2021-10-20 09:06:59
283,6162e5a254811a2870132b46,24.73,92.13,0.228,471.0,0.0,0.003,0.001,0,0,0,0,envitus,70B3D509805D,60,9.0,9.0,2021-10-10 13:07:43
284,616e5276e66c30339e568a59,25.27,79.67,0.663,488.0,0.0,0.003,0.001,0,0,0,0,envitus,70B3D509805D,60,47.0,59.0,2021-10-19 05:06:58
285,61819a7520be12f18c9265a6,22.51,86.99,0.397,517.0,0.0,0.002,0.002,0,0,0,0,envitus,70B3D509805D,60,27.0,30.0,2021-11-02 20:07:14
286,618467d120be12f18c96aaef,25.61,88.91,0.262,478.0,0.0,0.004,0.002,0,0,0,0,envitus,70B3D509805D,60,47.0,60.0,2021-11-04 23:07:59
287,61688e0d54811a287025253f,21.94,91.61,0.073,476.0,0.0,0.003,0.0,0,0,0,0,envitus,70B3D509805D,60,7.0,8.0,2021-10-14 20:07:39
288,6182941c20be12f18c93dcdb,26.6,80.55,1.734,538.0,0.0,0.003,0.007,0,0,0,3072,envitus,70B3D509805D,60,94.0,102.0,2021-11-03 13:52:12
289,617fca5820be12f18c8d9bed,23.48,84.14,1.258,507.0,0.0,0.003,0.007,0,0,0,0,envitus,70B3D509805D,60,25.0,26.0,2021-11-01 11:07:01
290,6164998e54811a287018649a,24.46,76.05,0.235,489.0,0.0,0.002,0.0,0,0,0,0,envitus,70B3D509805D,60,36.0,45.0,2021-10-11 20:07:38
291,617fd8a620be12f18c8dc26d,23.49,84.22,0.989,514.0,0.0,0.003,0.005,0,0,0,0,envitus,70B3D509805D,60,25.0,26.0,2021-11-01 12:08:03
292,61750640e66c30339e6e2cf2,28.11,50.34,0.224,439.0,0.0,0.0,0.0,0,0,0,0,envitus,70B3D509805D,60,46.0,58.0,2021-10-24 07:07:40
293,6186d25420be12f18c9eeb43,26.69,86.52,0.104,438.0,0.0,0.004,0.0,0,0,0,0,envitus,70B3D509805D,60,35.0,42.0,2021-11-06 19:06:57
294,6170af29e66c30339e5d4217,28.28,82.68,0.563,481.0,0.0,0.0,0.001,0,0,0,0,envitus,70B3D509805D,60,48.0,60.0,2021-10-21 00:07:03
295,6182fa1620be12f18c9407d3,24.94,85.54,0.283,489.0,0.0,0.003,0.001,0,0,0,0,envitus,70B3D509805D,60,44.0,55.0,2021-11-03 21:07:31
296,6185ffa720be12f18c9bf4e8,30.67,72.23,0.472,440.0,0.0,0.002,0.001,0,0,0,0,envitus,70B3D509805D,60,42.0,50.0,2021-11-06 04:08:04
297,61861bc220be12f18c9c5bf1,32.4,64.25,0.136,409.0,0.0,0.001,0.0,0,0,0,0,envitus,70B3D509805D,60,34.0,39.0,2021-11-06 06:08:00
298,617dfa6f20be12f18c8857f2,22.48,83.07,0.675,498.0,0.0,0.003,0.001,0,0,0,0,envitus,70B3D509805D,60,37.0,45.0,2021-10-31 02:07:40
299,61754ca5e66c30339e6f60c6,24.63,64.45,0.745,449.0,0.0,0.002,0.004,0,0,0,0,envitus,70B3D509805D,60,49.0,62.0,2021-10-24 12:08:02
300,6174dbf2e66c30339e6d7407,25.96,50.47,0.256,447.0,0.0,0.0,0.0,0,0,0,0,envitus,70B3D509805D,60,33.0,37.0,2021-10-24 04:07:11
301,6185026a20be12f18c98a948,30.74,67.27,0.554,416.0,0.0,0.0,0.002,0,0,0,0,envitus,70B3D509805D,60,39.0,47.0,2021-11-05 10:07:35
302,6176034de66c30339e728183,24.92,66.88,0.722,478.0,0.0,0.003,0.002,0,0,0,0,envitus,70B3D509805D,60,69.0,76.0,2021-10-25 01:07:23
303,6183cd1c20be12f18c94d9f4,28.72,72.91,0.613,454.0,0.0,0.003,0.003,0,0,0,0,envitus,70B3D509805D,60,43.0,52.0,2021-11-04 12:07:53
304,618629ce20be12f18c9c8f8f,32.08,64.77,0.148,405.0,0.0,0.0,0.002,0,0,0,0,envitus,70B3D509805D,60,34.0,39.0,2021-11-06 07:07:55
305,616ec338e66c30339e57d29d,25.18,82.71,1.302,506.0,0.0,0.003,0.006,0,0,0,0,envitus,70B3D509805D,60,69.0,75.0,2021-10-19 13:08:06
306,6168f06554811a2870264b91,22.33,91.6,0.498,488.0,0.0,0.002,0.001,0,0,0,0,envitus,70B3D509805D,60,10.0,10.0,2021-10-15 03:07:14
307,6184ca2a20be12f18c97f574,32.75,60.57,0.122,430.0,0.0,0.0,0.0,0,0,0,0,envitus,70B3D509805D,60,28.0,28.0,2021-11-05 06:07:35
308,617200c4e66c30339e612c22,21.49,70.25,0.293,473.0,0.0,0.002,0.001,0,0,0,0,envitus,70B3D509805D,60,9.0,9.0,2021-10-22 00:07:29
309,616428f954811a287016f035,24.4,86.53,0.707,498.0,0.0,0.002,0.003,0,0,0,0,envitus,70B3D509805D,60,9.0,10.0,2021-10-11 12:07:19
310,61682ba854811a287023f3dc,22.06,89.76,0.225,476.0,0.0,0.003,0.0,0,0,0,0,envitus,70B3D509805D,60,14.0,15.0,2021-10-14 13:07:49
311,617495d4e66c30339e6c43af,21.22,67.18,0.12,467.0,0.0,0.002,0.0,0,0,0,0,envitus,70B3D509805D,60,32.0,37.0,2021-10-23 23:08:00
312,6169a73954811a2870286abf,22.09,92.31,0.16,485.0,0.0,0.003,0.0,0,0,0,0,envitus,70B3D509805D,60,9.0,9.0,2021-10-15 16:07:17
313,6165182d54811a287019ff6d,28.79,58.77,0.313,455.0,0.0,0.0,0.001,0,0,0,0,envitus,70B3D509805D,60,18.0,19.0,2021-10-12 05:07:54
314,6163aa6c54811a2870154441,24.38,90.31,0.457,501.0,0.0,0.003,0.0,0,0,0,0,envitus,70B3D509805D,60,10.0,12.0,2021-10-11 03:07:21
315,6165a4ac54811a28701be884,25.5,62.4,0.179,459.0,0.0,0.002,0.0,0,0,0,0,envitus,70B3D509805D,60,15.0,16.0,2021-10-12 15:07:21
316,61647d7b54811a2870180ed2,24.44,75.31,0.125,483.0,0.0,0.002,0.001,0,0,0,0,envitus,70B3D509805D,60,22.0,24.0,2021-10-11 18:07:51
317,6164614354811a287017b1cb,24.6,79.58,0.218,490.0,0.0,0.002,0.0,0,0,0,0,envitus,70B3D509805D,60,16.0,16.0,2021-10-11 16:07:28
318,617e4ed220be12f18c894b6c,22.91,85.14,0.683,496.0,0.0,0.002,0.003,0,0,0,0,envitus,70B3D509805D,60,38.0,45.0,2021-10-31 08:07:42
319,617f21d820be12f18c8bae8d,22.05,88.85,0.421,519.0,0.0,0.003,0.001,0,0,0,0,envitus,70B3D509805D,60,25.0,26.0,2021-10-31 23:08:05
320,616f4fcae66c30339e59659e,24.67,87.14,0.595,530.0,0.0,0.003,0.001,0,0,0,0,envitus,70B3D509805D,60,73.0,81.0,2021-10-19 23:07:51
321,616bd9d39d4daad11f43c89d,22.98,67.55,0.333,473.0,0.0,0.002,0.0,0,0,0,0,envitus,70B3D509805D,60,7.0,7.0,2021-10-17 08:07:43
322,6166e82c54811a28701ff3b8,24.13,83.6,0.193,458.0,0.0,0.005,0.0,0,0,0,0,envitus,70B3D509805D,60,20.0,23.0,2021-10-13 14:07:38
323,618726e320be12f18ca0119f,28.18,81.83,0.299,437.0,0.0,0.002,0.001,0,0,0,0,envitus,70B3D509805D,60,31.0,35.0,2021-11-07 01:07:43
324,61630fd854811a287013a18d,24.98,91.33,0.182,478.0,0.0,0.003,0.001,0,0,0,0,envitus,70B3D509805D,60,5.0,5.0,2021-10-10 16:07:48
325,6175cb05e66c30339e718a61,21.97,78.38,0.402,488.0,0.0,0.003,0.001,0,0,0,0,envitus,70B3D509805D,60,74.0,81.0,2021-10-24 21:07:13
326,617ebf4520be12f18c8a90c3,22.32,89.28,0.529,503.0,0.0,0.002,0.002,0,0,0,0,envitus,70B3D509805D,60,28.0,30.0,2021-10-31 16:07:30
327,617cfd6620be12f18c85409e,21.52,84.29,0.441,481.0,0.0,0.002,0.002,0,0,0,0,envitus,70B3D509805D,60,13.0,13.0,2021-10-30 08:08:04
328,61741745e66c30339e6a0d50,23.86,66.2,1.657,489.0,0.0,0.003,0.003,0,0,0,0,envitus,70B3D509805D,60,66.0,74.0,2021-10-23 14:08:02
329,61834e7d20be12f18c942bc2,30.55,65.91,0.178,443.0,0.0,0.0,0.002,0,0,0,0,envitus,70B3D509805D,60,33.0,39.0,2021-11-04 03:07:37
330,616f880be66c30339e5a014b,31.11,68.16,0.25,464.0,0.0,0.002,0.001,0,0,0,0,envitus,70B3D509805D,60,42.0,53.0,2021-10-20 03:07:53
331,6175a0fae66c30339e70d134,22.86,77.08,0.365,468.0,0.0,0.003,0.002,0,0,0,0,envitus,70B3D509805D,60,77.0,84.0,2021-10-24 18:07:52
332,616f6bc3e66c30339e59b30d,28.63,75.08,1.163,506.0,0.0,0.004,0.006,0,0,0,0,envitus,70B3D509805D,60,86.0,94.0,2021-10-20 01:07:12
333,617ce13220be12f18c84e4a0,21.64,84.68,0.328,479.0,0.0,0.002,0.0,0,0,0,0,envitus,70B3D509805D,60,8.0,9.0,2021-10-30 06:07:43
334,6168c66254811a287025cd17,21.9,92.14,0.369,482.0,0.0,0.003,0.002,0,0,0,0,envitus,70B3D509805D,60,8.0,8.0,2021-10-15 00:07:58
335,616d4764e66c30339e53b926,20.11,90.55,0.52,483.0,0.0,0.003,0.001,0,0,0,0,envitus,70B3D509805D,60,5.0,7.0,2021-10-18 10:07:27
336,6175f54de66c30339e724433,22.45,78.35,0.656,495.0,0.0,0.003,0.003,0,0,0,0,envitus,70B3D509805D,60,79.0,85.0,2021-10-25 00:07:38
337,616bcbba9d4daad11f43a172,23.14,68.0,0.302,476.0,0.0,0.002,0.0,0,0,0,0,envitus,70B3D509805D,60,4.0,5.0,2021-10-17 07:07:36
338,617f4bd720be12f18c8c2e22,22.1,89.41,0.88,521.0,0.0,0.003,0.004,0,0,0,0,envitus,70B3D509805D,60,16.0,18.0,2021-11-01 02:07:16
339,617ff49d20be12f18c8e0db5,23.45,84.69,0.775,513.0,0.0,0.003,0.003,0,0,0,0,envitus,70B3D509805D,60,26.0,26.0,2021-11-01 14:07:22
340,6183161820be12f18c941397,24.41,86.62,0.345,492.0,0.0,0.003,0.002,0,0,0,0,envitus,70B3D509805D,60,43.0,55.0,2021-11-03 23:07:01
341,616b22ec074ea276ed71e0fc,21.15,77.71,0.095,483.0,0.0,0.002,0.0,0,0,0,0,envitus,70B3D509805D,60,1.0,1.0,2021-10-16 19:07:21
342,616f3380e66c30339e5916e3,24.78,86.49,0.356,505.0,0.0,0.003,0.001,0,0,0,0,envitus,70B3D509805D,60,71.0,78.0,2021-10-19 21:07:09
343,618548b220be12f18c9991c3,26.63,82.23,0.283,436.0,0.0,0.003,0.001,0,0,0,0,envitus,70B3D509805D,60,38.0,45.0,2021-11-05 15:07:27
344,6169609554811a2870278b01,22.34,91.55,1.122,488.0,0.0,0.002,0.008,0,0,0,3072,envitus,70B3D509805D,60,9.0,9.0,2021-10-15 11:04:56
345,618459c820be12f18c968215,25.44,88.37,0.205,482.0,0.0,0.004,0.0,0,0,0,0,envitus,70B3D509805D,60,46.0,57.0,2021-11-04 22:08:06
346,61753047e66c30339e6ee48e,26.55,54.3,0.613,439.0,0.0,0.0,0.002,0,0,0,0,envitus,70B3D509805D,60,41.0,50.0,2021-10-24 10:07:00
347,61733607e66c30339e661068,20.57,66.13,0.231,467.0,0.0,0.002,0.002,0,0,0,0,envitus,70B3D509805D,60,35.0,42.0,2021-10-22 22:06:59
348,6171ac55e66c30339e603ff4,22.19,70.44,0.153,469.0,0.0,0.002,0.0,0,0,0,0,envitus,70B3D509805D,60,13.0,16.0,2021-10-21 18:07:14
349,617487cae66c30339e6c0635,21.48,66.8,0.108,467.0,0.0,0.003,0.0,0,0,0,0,envitus,70B3D509805D,60,47.0,58.0,2021-10-23 22:08:07
350,617d0b6620be12f18c856bb1,21.63,83.45,0.454,477.0,0.0,0.002,0.001,0,0,0,0,envitus,70B3D509805D,60,10.0,11.0,2021-10-30 09:07:47
351,6166699554811a28701e5834,26.82,65.56,0.323,449.0,0.0,0.002,0.002,0,0,0,0,envitus,70B3D509805D,60,8.0,8.0,2021-10-13 05:07:29
352,6166da2854811a28701fc6f1,23.75,86.33,0.325,463.0,0.0,0.004,0.002,0,0,0,0,envitus,70B3D509805D,60,24.0,26.0,2021-10-13 13:07:49
353,616d71a6e66c30339e54292f,21.11,87.02,0.652,493.0,0.0,0.003,0.001,0,0,0,0,envitus,70B3D509805D,60,9.0,9.0,2021-10-18 13:07:47
354,61818c7c20be12f18c9242c3,22.5,87.42,0.392,519.0,0.0,0.003,0.001,0,0,0,0,envitus,70B3D509805D,60,27.0,30.0,2021-11-02 19:07:37
355,6166f62a54811a287020208b,24.47,81.08,0.158,459.0,0.0,0.004,0.0,0,0,0,0,envitus,70B3D509805D,60,18.0,21.0,2021-10-13 15:07:18
356,61743335e66c30339e6a8c43,23.17,63.78,0.438,466.0,0.0,0.003,0.002,0,0,0,0,envitus,70B3D509805D,60,48.0,63.0,2021-10-23 16:07:14
357,6181705a20be12f18c91fc72,22.54,87.89,0.327,519.0,0.0,0.003,0.001,0,0,0,0,envitus,70B3D509805D,60,18.0,20.0,2021-11-02 17:07:36
358,61735262e66c30339e668fd4,20.59,65.23,0.392,473.0,0.0,0.002,0.0,0,0,0,0,envitus,70B3D509805D,60,36.0,46.0,2021-10-23 00:07:59
359,6182a59420be12f18c93e464,25.77,83.34,0.434,479.0,0.0,0.003,0.002,0,0,0,0,envitus,70B3D509805D,60,39.0,47.0,2021-11-03 15:06:57
360,61729b56e66c30339e634bbe,21.47,60.86,0.706,464.0,0.0,0.001,0.001,0,0,0,0,envitus,70B3D509805D,60,32.0,40.0,2021-10-22 11:06:59
361,618491d420be12f18c9730de,29.06,74.12,0.367,459.0,0.0,0.003,0.001,0,0,0,0,envitus,70B3D509805D,60,38.0,45.0,2021-11-05 02:07:12
362,617e5cc720be12f18c8973e9,22.78,86.57,0.816,496.0,0.0,0.003,0.003,0,0,0,0,envitus,70B3D509805D,60,40.0,49.0,2021-10-31 09:07:16
363,61646f7f54811a287017e29e,24.43,76.87,0.146,487.0,0.0,0.002,0.002,0,0,0,0,envitus,70B3D509805D,60,18.0,20.0,2021-10-11 17:08:12
364,61687fe354811a287024fb0c,21.95,91.09,0.062,474.0,0.0,0.003,0.001,0,0,0,0,envitus,70B3D509805D,60,5.0,5.0,2021-10-14 19:07:12
365,616c122c9d4daad11f44655a,22.86,69.9,0.596,487.0,0.0,0.002,0.001,0,0,0,0,envitus,70B3D509805D,60,25.0,28.0,2021-10-17 12:08:09
366,61737c56e66c30339e674f33,24.56,48.33,0.196,459.0,0.0,0.002,0.0,0,0,0,0,envitus,70B3D509805D,60,21.0,22.0,2021-10-23 03:06:59
367,6162830b54811a2870122abd,24.87,92.25,0.207,459.0,0.0,0.003,0.001,0,0,0,0,envitus,70B3D509805D,60,27.0,28.0,2021-10-10 06:07:03
368,616bf5e59d4daad11f441655,23.11,69.33,0.695,482.0,0.0,0.002,0.002,0,0,0,0,envitus,70B3D509805D,60,16.0,17.0,2021-10-17 10:07:30
369,6182979720be12f18c93de73,26.56,80.29,0.719,483.0,0.0,0.003,0.001,0,0,0,0,envitus,70B3D509805D,60,46.0,60.0,2021-11-03 14:07:16
370,61712dbbe66c30339e5edc98,22.99,68.5,0.419,463.0,0.0,0.0,0.002,0,0,0,0,envitus,70B3D509805D,60,4.0,5.0,2021-10-21 09:07:03
371,6169995c54811a2870283eea,21.97,93.19,0.231,488.0,0.0,0.003,0.002,0,0,0,0,envitus,70B3D509805D,60,7.0,8.0,2021-10-15 15:08:10
372,6165889954811a28701b87c6,25.74,63.95,0.307,460.0,0.0,0.002,0.001,0,0,0,0,envitus,70B3D509805D,60,39.0,45.0,2021-10-12 13:07:34
373,61802d0920be12f18c8ea564,23.41,83.08,0.313,511.0,0.0,0.003,0.001,0,0,0,0,envitus,70B3D509805D,60,18.0,19.0,2021-11-01 18:08:07
374,6186b64020be12f18c9e89c9,26.77,86.36,0.126,435.0,0.0,0.004,0.001,0,0,0,0,envitus,70B3D509805D,60,39.0,47.0,2021-11-06 17:07:08
375,616d556ee66c30339e53ddfb,20.67,89.1,1.44,496.0,0.0,0.003,0.008,0,0,0,0,envitus,70B3D509805D,60,14.0,15.0,2021-10-18 11:07:23
376,617398afe66c30339e67cf3b,26.28,48.27,0.168,450.0,0.0,0.0,0.0,0,0,0,0,envitus,70B3D509805D,60,26.0,27.0,2021-10-23 05:07:56
377,6186fc9020be12f18c9f7e4a,26.52,86.99,0.123,441.0,0.0,0.003,0.001,0,0,0,0,envitus,70B3D509805D,60,29.0,32.0,2021-11-06 22:07:09
378,6181a8b120be12f18c92894d,22.38,87.74,0.332,515.0,0.0,0.002,0.001,0,0,0,0,envitus,70B3D509805D,60,27.0,30.0,2021-11-02 21:07:58
379,617f3dd020be12f18c8c02de,22.02,89.32,1.041,523.0,0.0,0.003,0.006,0,0,0,0,envitus,70B3D509805D,60,17.0,18.0,2021-11-01 01:07:25
380,616cbac29d4daad11f463e69,18.62,90.34,0.26,484.0,0.0,0.003,0.0,0,0,0,0,envitus,70B3D509805D,60,10.0,11.0,2021-10-18 00:07:27
381,61745d7ee66c30339e6b4c79,22.22,65.9,0.249,471.0,0.0,0.003,0.002,0,0,0,0,envitus,70B3D509805D,60,54.0,67.0,2021-10-23 19:07:39
382,6181382f20be12f18c917055,23.16,87.44,0.673,520.0,0.0,0.003,0.003,0,0,0,0,envitus,70B3D509805D,60,29.0,31.0,2021-11-02 13:07:56
383,6185107720be12f18c98d717,29.4,72.23,0.589,420.0,0.0,0.002,0.003,0,0,0,0,envitus,70B3D509805D,60,46.0,56.0,2021-11-05 11:07:32
384,617592c4e66c30339e709319,23.16,75.88,0.506,467.0,0.0,0.003,0.002,0,0,0,0,envitus,70B3D509805D,60,84.0,89.0,2021-10-24 17:07:12
385,61808f5420be12f18c8faedc,23.19,86.96,1.614,543.0,0.0,0.003,0.002,0,0,0,0,envitus,70B3D509805D,60,49.0,62.0,2021-11-02 01:07:29
386,61876d2b20be12f18ca10748,33.16,59.6,0.126,400.0,0.0,0.0,0.0,0,0,0,0,envitus,70B3D509805D,60,30.0,32.0,2021-11-07 06:07:37
387,61a836028118b006b4f01184,20.53,41.97,0.363,453.0,0.0,0.0,0.0,0,0,0,3072,envitus,70B3D509805D,60,51.0,65.0,2021-12-02 02:56:40
388,617e94fd20be12f18c8a169b,22.71,88.05,1.032,504.0,0.0,0.003,0.003,0,0,0,0,envitus,70B3D509805D,60,41.0,50.0,2021-10-31 13:07:06
389,61728d71e66c30339e630ba7,21.88,61.67,0.649,463.0,0.0,0.002,0.001,0,0,0,0,envitus,70B3D509805D,60,22.0,23.0,2021-10-22 10:07:42
390,616adcbc074ea276ed710557,20.14,90.89,0.241,489.0,0.0,0.003,0.0,0,0,0,0,envitus,70B3D509805D,60,5.0,5.0,2021-10-16 14:07:53
391,61877b3b20be12f18ca13ac6,34.07,57.1,0.131,399.0,0.0,0.0,0.0,0,0,0,0,envitus,70B3D509805D,60,32.0,37.0,2021-11-07 07:07:36
392,61674a9154811a28702124d9,23.13,88.19,0.052,467.0,0.0,0.003,0.002,0,0,0,0,envitus,70B3D509805D,60,10.0,10.0,2021-10-13 21:07:26
393,6164531554811a28701780e6,24.66,80.67,0.281,489.0,0.0,0.002,0.002,0,0,0,0,envitus,70B3D509805D,60,14.0,15.0,2021-10-11 15:06:58
394,616f5dc3e66c30339e598c47,25.59,84.31,0.926,544.0,0.0,0.003,0.002,0,0,0,0,envitus,70B3D509805D,60,112.0,122.0,2021-10-20 00:07:28
395,617e32c520be12f18c88fa24,22.98,84.41,0.649,496.0,0.0,0.003,0.001,0,0,0,0,envitus,70B3D509805D,60,44.0,54.0,2021-10-31 06:08:02
396,61679ef654811a2870222f9b,24.64,76.22,0.284,463.0,0.0,0.002,0.001,0,0,0,0,envitus,70B3D509805D,60,4.0,4.0,2021-10-14 03:07:30
397,61875f3220be12f18ca0d4e8,34.16,57.29,0.088,399.0,0.0,0.0,0.0,0,0,0,0,envitus,70B3D509805D,60,31.0,34.0,2021-11-07 05:07:59
398,6162d76d54811a28701303a6,24.73,91.84,0.243,469.0,0.0,0.003,0.001,0,0,0,0,envitus,70B3D509805D,60,4.0,4.0,2021-10-10 12:07:06
399,616baf979d4daad11f435904,22.31,71.82,0.383,483.0,0.0,0.001,0.0,0,0,0,0,envitus,70B3D509805D,60,7.0,7.0,2021-10-17 05:07:32
400,6175688de66c30339e6fda82,24.06,69.17,0.86,456.0,0.0,0.003,0.004,0,0,0,0,envitus,70B3D509805D,60,49.0,62.0,2021-10-24 14:07:06
401,6183f71820be12f18c955ae8,26.36,79.63,0.319,462.0,0.0,0.003,0.001,0,0,0,0,envitus,70B3D509805D,60,47.0,60.0,2021-11-04 15:07:01
402,6165422c54811a28701a97fc,30.08,55.05,0.283,445.0,0.0,0.0,0.002,0,0,0,0,envitus,70B3D509805D,60,10.0,12.0,2021-10-12 08:07:04
403,6181eee020be12f18c9338df,23.95,82.98,1.084,541.0,0.0,0.003,0.003,0,0,0,0,envitus,70B3D509805D,60,50.0,63.0,2021-11-03 02:07:25
404,61820b2420be12f18c937f8a,25.18,79.64,0.8,516.0,0.0,0.003,0.003,0,0,0,0,envitus,70B3D509805D,60,51.0,66.0,2021-11-03 04:08:00
405,6171662de66c30339e5f7679,22.56,72.15,0.439,475.0,0.0,0.003,0.002,0,0,0,0,envitus,70B3D509805D,60,15.0,17.0,2021-10-21 13:07:54
406,618750ed20be12f18ca0a361,33.49,59.88,0.086,406.0,0.0,0.0,0.0,0,0,0,0,envitus,70B3D509805D,60,33.0,38.0,2021-11-07 04:07:06
407,6166cc2a54811a28701f9913,23.79,86.39,0.483,460.0,0.0,0.004,0.001,0,0,0,0,envitus,70B3D509805D,60,22.0,23.0,2021-10-13 12:08:07
408,616bbda99d4daad11f437bd9,23.23,69.58,0.368,478.0,0.0,0.002,0.0,0,0,0,0,envitus,70B3D509805D,60,7.0,8.0,2021-10-17 06:07:34
409,6183327b20be12f18c941fb3,28.89,71.72,0.657,470.0,0.0,0.005,0.001,0,0,0,0,envitus,70B3D509805D,60,40.0,50.0,2021-11-04 01:08:09
410,6175d951e66c30339e71c94a,21.64,80.79,0.415,492.0,0.0,0.003,0.002,0,0,0,0,envitus,70B3D509805D,60,72.0,79.0,2021-10-24 22:08:14
411,6169608454811a2870278362,22.54,91.33,0.4,480.0,0.0,0.003,0.001,0,0,0,3072,envitus,70B3D509805D,60,12.0,12.0,2021-10-15 09:07:08
412,6181462120be12f18c919314,23.25,86.24,0.663,518.0,0.0,0.003,0.003,0,0,0,0,envitus,70B3D509805D,60,24.0,24.0,2021-11-02 14:07:26
413,6162f3cb54811a28701352be,24.7,92.35,0.219,475.0,0.0,0.003,0.002,0,0,0,0,envitus,70B3D509805D,60,7.0,7.0,2021-10-10 14:08:08
414,6180f1b220be12f18c90b73b,23.62,88.16,0.871,511.0,0.0,0.003,0.004,0,0,0,0,envitus,70B3D509805D,60,37.0,44.0,2021-11-02 08:07:11
415,6166a1d854811a28701f0f36,24.89,85.86,0.667,459.0,0.0,0.005,0.002,0,0,0,0,envitus,70B3D509805D,60,33.0,38.0,2021-10-13 09:07:33
416,617da5ed20be12f18c8751e3,21.07,88.38,0.225,481.0,0.0,0.003,0.0,0,0,0,0,envitus,70B3D509805D,60,15.0,17.0,2021-10-30 20:07:05
417,617fa05920be12f18c8d2a14,23.65,84.31,0.703,499.0,0.0,0.002,0.003,0,0,0,0,envitus,70B3D509805D,60,26.0,26.0,2021-11-01 08:07:50
418,6181622520be12f18c91d8c5,22.91,87.11,0.402,514.0,0.0,0.003,0.002,0,0,0,0,envitus,70B3D509805D,60,22.0,25.0,2021-11-02 16:06:58
419,617f2fd620be12f18c8bd7be,22.03,89.18,0.662,519.0,0.0,0.003,0.002,0,0,0,0,envitus,70B3D509805D,60,19.0,21.0,2021-11-01 00:07:47
420,6175e757e66c30339e720707,21.53,81.38,0.654,500.0,0.0,0.003,0.004,0,0,0,0,envitus,70B3D509805D,60,75.0,79.0,2021-10-24 23:08:04
421,6174b1e5e66c30339e6cbe00,22.19,63.75,0.377,470.0,0.0,0.003,0.001,0,0,0,0,envitus,70B3D509805D,60,42.0,54.0,2021-10-24 01:07:46
422,616960d554811a2870278c22,22.39,91.52,1.172,490.0,0.0,0.003,0.008,0,0,0,3072,envitus,70B3D509805D,60,9.0,9.0,2021-10-15 11:06:58
423,616e0c6be66c30339e55c69c,21.58,89.23,0.599,497.0,0.0,0.003,0.001,0,0,0,0,envitus,70B3D509805D,60,30.0,35.0,2021-10-19 00:08:08
424,616d0f35e66c30339e5324e2,20.17,89.89,0.267,484.0,0.0,0.003,0.0,0,0,0,0,envitus,70B3D509805D,60,9.0,10.0,2021-10-18 06:07:46
425,6170d989e66c30339e5df88a,21.68,80.45,0.343,481.0,0.0,0.0,0.002,0,0,0,0,envitus,70B3D509805D,60,4.0,4.0,2021-10-21 03:07:50
426,61720ee5e66c30339e615617,21.44,69.62,0.56,475.0,0.0,0.002,0.002,0,0,0,0,envitus,70B3D509805D,60,10.0,11.0,2021-10-22 01:07:46
427,61632bf554811a287013ef9f,25.16,90.38,0.165,482.0,0.0,0.003,0.001,0,0,0,0,envitus,70B3D509805D,60,9.0,9.0,2021-10-10 18:07:45
428,6181541c20be12f18c91b5c1,23.03,86.42,0.477,514.0,0.0,0.003,0.001,0,0,0,0,envitus,70B3D509805D,60,25.0,27.0,2021-11-02 15:07:05
429,6184e62a20be12f18c9850a6,32.27,61.82,0.26,427.0,0.0,0.0,0.001,0,0,0,0,envitus,70B3D509805D,60,28.0,30.0,2021-11-05 08:07:03
430,61681da654811a287023c6dc,22.18,88.63,0.319,474.0,0.0,0.003,0.002,0,0,0,0,envitus,70B3D509805D,60,14.0,15.0,2021-10-14 12:08:04
431,61731a13e66c30339e659258,20.56,65.95,0.146,466.0,0.0,0.002,0.0,0,0,0,0,envitus,70B3D509805D,60,47.0,56.0,2021-10-22 20:07:45
432,616f79c9e66c30339e59d9e3,29.27,73.28,0.491,475.0,0.0,0.002,0.002,0,0,0,0,envitus,70B3D509805D,60,48.0,61.0,2021-10-20 02:07:02
433,618637d020be12f18c9cc308,31.49,66.84,0.287,406.0,0.0,0.0,0.002,0,0,0,0,envitus,70B3D509805D,60,32.0,35.0,2021-11-06 08:07:40
434,616c4a659d4daad11f45013e,20.52,80.26,0.208,482.0,0.0,0.003,0.001,0,0,0,0,envitus,70B3D509805D,60,15.0,15.0,2021-10-17 16:08:02
435,61704cf6e66c30339e5c29cf,27.02,86.64,0.255,476.0,0.0,0.005,0.002,0,0,0,0,envitus,70B3D509805D,60,50.0,63.0,2021-10-20 17:08:02
436,6185e36620be12f18c9b93dc,28.17,79.72,0.405,449.0,0.0,0.003,0.001,0,0,0,0,envitus,70B3D509805D,60,41.0,48.0,2021-11-06 02:07:32
437,6174f836e66c30339e6defcc,27.81,46.46,0.122,438.0,0.0,0.0,0.0,0,0,0,0,envitus,70B3D509805D,60,33.0,37.0,2021-10-24 06:07:47
438,6181b6be20be12f18c92ac81,22.48,86.58,0.284,514.0,0.0,0.002,0.001,0,0,0,0,envitus,70B3D509805D,60,16.0,17.0,2021-11-02 22:07:55
439,6173ecfbe66c30339e694d9a,24.86,58.46,0.586,456.0,0.0,0.0,0.001,0,0,0,0,envitus,70B3D509805D,60,50.0,62.0,2021-10-23 11:07:36
440,6182192120be12f18c93a285,28.03,72.43,0.991,505.0,0.0,0.002,0.004,0,0,0,0,envitus,70B3D509805D,60,55.0,68.0,2021-11-03 05:07:42
441,6186700920be12f18c9d90f2,28.46,77.07,0.499,427.0,0.0,0.002,0.005,0,0,0,0,envitus,70B3D509805D,60,49.0,61.0,2021-11-06 12:07:34
442,617d8a0620be12f18c86fb6a,21.02,88.57,0.198,483.0,0.0,0.003,0.001,0,0,0,0,envitus,70B3D509805D,60,15.0,16.0,2021-10-30 18:08:03
443,616dc5fde66c30339e550d7b,21.26,90.75,0.295,502.0,0.0,0.003,0.001,0,0,0,0,envitus,70B3D509805D,60,37.0,44.0,2021-10-18 19:07:37
444,617f761920be12f18c8cafd4,23.46,86.01,0.798,510.0,0.0,0.003,0.004,0,0,0,0,envitus,70B3D509805D,60,24.0,25.0,2021-11-01 05:07:34
445,617111c2e66c30339e5e9482,23.32,67.38,0.351,467.0,0.0,0.0,0.001,0,0,0,0,envitus,70B3D509805D,60,3.0,3.0,2021-10-21 07:07:44
446,6180734c20be12f18c8f6328,22.54,88.31,0.415,519.0,0.0,0.003,0.001,0,0,0,0,envitus,70B3D509805D,60,30.0,35.0,2021-11-01 23:07:53
447,61672e8254811a287020cfef,23.37,84.97,0.044,460.0,0.0,0.003,0.0,0,0,0,0,envitus,70B3D509805D,60,8.0,8.0,2021-10-13 19:07:44
448,617e24f620be12f18c88d31d,22.77,84.99,0.681,500.0,0.0,0.002,0.003,0,0,0,3072,envitus,70B3D509805D,60,43.0,54.0,2021-10-31 05:08:59
449,6180650f20be12f18c8f3c99,22.44,88.76,0.306,515.0,0.0,0.003,0.002,0,0,0,0,envitus,70B3D509805D,60,29.0,32.0,2021-11-01 22:07:07
450,616e4477e66c30339e56621e,23.33,86.43,0.747,496.0,0.0,0.003,0.002,0,0,0,0,envitus,70B3D509805D,60,41.0,51.0,2021-10-19 04:07:16
451,6163e2a954811a287015fde8,24.7,89.69,0.537,490.0,0.0,0.003,0.001,0,0,0,0,envitus,70B3D509805D,60,14.0,15.0,2021-10-11 07:07:18
452,617d5fd420be12f18c86791b,21.07,88.51,0.418,484.0,0.0,0.002,0.002,0,0,0,0,envitus,70B3D509805D,60,15.0,16.0,2021-10-30 15:08:01
453,616b06da074ea276ed7187ee,20.88,81.1,0.137,482.0,0.0,0.003,0.0,0,0,0,0,envitus,70B3D509805D,60,0.0,0.0,2021-10-16 17:07:35
454,616766a754811a28702179a5,23.24,85.49,0.158,469.0,0.0,0.003,0.0,0,0,0,0,envitus,70B3D509805D,60,12.0,13.0,2021-10-13 23:07:15
455,6170cb7be66c30339e5d9706,24.66,71.47,0.395,470.0,0.0,0.0,0.001,0,0,0,0,envitus,70B3D509805D,60,4.0,5.0,2021-10-21 02:07:52
456,616790de54811a2870220039,25.02,73.64,0.408,465.0,0.0,0.003,0.0,0,0,0,0,envitus,70B3D509805D,60,7.0,8.0,2021-10-14 02:07:23
457,6164b5b054811a287018bad8,23.85,75.59,0.263,488.0,0.0,0.002,0.0,0,0,0,0,envitus,70B3D509805D,60,36.0,44.0,2021-10-11 22:07:41
458,6181c4c620be12f18c92cfac,22.49,86.95,0.519,527.0,0.0,0.003,0.003,0,0,0,0,envitus,70B3D509805D,60,32.0,37.0,2021-11-02 23:07:47
459,61727125e66c30339e6296d2,22.75,57.31,0.25,451.0,0.0,0.001,0.0,0,0,0,0,envitus,70B3D509805D,60,11.0,11.0,2021-10-22 08:06:59
460,6171c899e66c30339e608e6b,21.86,72.98,0.138,475.0,0.0,0.002,0.001,0,0,0,0,envitus,70B3D509805D,60,14.0,16.0,2021-10-21 20:07:49
461,6180c7b320be12f18c904672,23.51,87.53,0.837,521.0,0.0,0.002,0.001,0,0,0,0,envitus,70B3D509805D,60,35.0,43.0,2021-11-02 05:08:00
462,616f0982e66c30339e58a183,24.66,86.25,0.845,504.0,0.0,0.003,0.001,0,0,0,0,envitus,70B3D509805D,60,84.0,91.0,2021-10-19 18:07:59
463,61730c04e66c30339e655337,20.92,64.66,0.132,465.0,0.0,0.002,0.0,0,0,0,0,envitus,70B3D509805D,60,28.0,31.0,2021-10-22 19:07:45
464,6164450b54811a2870175086,24.57,82.64,0.423,493.0,0.0,0.002,0.002,0,0,0,0,envitus,70B3D509805D,60,17.0,17.0,2021-10-11 14:07:04
465,618580fd20be12f18c9a4e10,25.86,87.9,0.18,445.0,0.0,0.005,0.001,0,0,0,0,envitus,70B3D509805D,60,42.0,53.0,2021-11-05 19:07:38
466,617d97fb20be12f18c8726b1,20.8,89.75,0.202,481.0,0.0,0.003,0.001,0,0,0,0,envitus,70B3D509805D,60,15.0,15.0,2021-10-30 19:07:35
467,6168feac54811a2870267eb6,22.62,91.42,0.581,488.0,0.0,0.003,0.001,0,0,0,0,envitus,70B3D509805D,60,13.0,13.0,2021-10-15 04:08:09
468,617246f4e66c30339e61fe5c,22.82,62.46,0.297,463.0,0.0,0.001,0.0,0,0,0,0,envitus,70B3D509805D,60,10.0,12.0,2021-10-22 05:06:58
469,6186ee8820be12f18c9f4d84,26.54,87.22,0.093,437.0,0.0,0.003,0.002,0,0,0,0,envitus,70B3D509805D,60,31.0,35.0,2021-11-06 21:07:17
470,616edf56e66c30339e58285f,25.18,84.13,2.023,540.0,0.0,0.003,0.016,0,0,0,0,envitus,70B3D509805D,60,85.0,91.0,2021-10-19 15:08:03
471,6163feef54811a2870165f6d,23.84,91.27,0.44,491.0,0.0,0.003,0.001,0,0,0,0,envitus,70B3D509805D,60,9.0,9.0,2021-10-11 09:07:55
472,6174bff8e66c30339e6cfa17,23.61,55.91,0.205,458.0,0.0,0.002,0.0,0,0,0,0,envitus,70B3D509805D,60,27.0,28.0,2021-10-24 02:07:49
473,617479b4e66c30339e6bc831,21.75,67.15,0.138,468.0,0.0,0.003,0.0,0,0,0,0,envitus,70B3D509805D,60,75.0,83.0,2021-10-23 21:08:01
474,6186c48d20be12f18c9ebb68,26.82,85.97,0.088,436.0,0.0,0.004,0.002,0,0,0,0,envitus,70B3D509805D,60,35.0,43.0,2021-11-06 18:08:10
475,617fbc5a20be12f18c8d761f,23.45,84.48,0.925,503.0,0.0,0.002,0.004,0,0,0,0,envitus,70B3D509805D,60,23.0,24.0,2021-11-01 10:07:19
476,6165dd1454811a28701c9f7f,25.13,66.17,0.176,468.0,0.0,0.002,0.001,0,0,0,0,envitus,70B3D509805D,60,27.0,28.0,2021-10-12 19:08:00
477,616c66609d4daad11f455040,20.9,77.12,0.11,479.0,0.0,0.003,0.0,0,0,0,0,envitus,70B3D509805D,60,11.0,12.0,2021-10-17 18:07:25
478,616847ca54811a2870244ea6,22.2,89.89,0.222,476.0,0.0,0.003,0.0,0,0,0,0,envitus,70B3D509805D,60,13.0,14.0,2021-10-14 15:07:51
479,617f138f20be12f18c8b850f,22.02,89.29,0.285,507.0,0.0,0.003,0.002,0,0,0,0,envitus,70B3D509805D,60,24.0,26.0,2021-10-31 22:07:08
480,6166315054811a28701da197,25.94,65.89,0.614,467.0,0.0,0.003,0.002,0,0,0,0,envitus,70B3D509805D,60,14.0,15.0,2021-10-13 01:07:24
481,616aea98074ea276ed712e8e,20.21,87.51,0.187,486.0,0.0,0.003,0.0,0,0,0,0,envitus,70B3D509805D,60,1.0,2.0,2021-10-16 15:07:01
482,616347e754811a2870143913,25.22,90.01,0.177,484.0,0.0,0.002,0.001,0,0,0,0,envitus,70B3D509805D,60,31.0,35.0,2021-10-10 20:07:00
483,617157f2e66c30339e5f4f2c,22.58,72.45,0.668,475.0,0.0,0.002,0.002,0,0,0,0,envitus,70B3D509805D,60,19.0,19.0,2021-10-21 12:07:11
484,6183a2cc20be12f18c946034,32.56,59.1,0.282,428.0,0.0,0.0,0.001,0,0,0,0,envitus,70B3D509805D,60,24.0,26.0,2021-11-04 09:07:21
485,61709335e66c30339e5cf147,26.83,87.7,0.267,477.0,0.0,0.0,0.004,0,0,0,0,envitus,70B3D509805D,60,51.0,66.0,2021-10-20 22:07:46
486,6162915954811a287012470b,24.77,92.06,0.219,461.0,0.0,0.003,0.0,0,0,0,0,envitus,70B3D509805D,60,13.0,16.0,2021-10-10 07:08:06
487,617e790820be12f18c89c5bf,22.68,87.98,1.089,508.0,0.0,0.003,0.006,0,0,0,0,envitus,70B3D509805D,60,40.0,48.0,2021-10-31 11:07:50
488,616cacd39d4daad11f461739,18.5,91.76,0.178,487.0,0.0,0.003,0.0,0,0,0,0,envitus,70B3D509805D,60,10.0,12.0,2021-10-17 23:08:00
489,618734e220be12f18ca04244,29.85,74.22,0.178,423.0,0.0,0.003,0.001,0,0,0,0,envitus,70B3D509805D,60,28.0,29.0,2021-11-07 02:07:27
490,616301be54811a28701379d9,24.81,92.24,0.264,477.0,0.0,0.003,0.001,0,0,0,0,envitus,70B3D509805D,60,11.0,12.0,2021-10-10 15:07:39
491,61663f6954811a28701dcee0,26.88,61.86,0.324,456.0,0.0,0.002,0.001,0,0,0,0,envitus,70B3D509805D,60,5.0,6.0,2021-10-13 02:07:34
492,6163c67854811a2870159e1d,24.56,89.71,0.463,490.0,0.0,0.003,0.002,0,0,0,0,envitus,70B3D509805D,60,12.0,14.0,2021-10-11 05:07:01
493,6185b95820be12f18c9b06ae,25.94,87.45,0.194,452.0,0.0,0.004,0.001,0,0,0,0,envitus,70B3D509805D,60,37.0,44.0,2021-11-05 23:08:04
494,61665b6854811a28701e2a0d,26.78,63.7,0.48,452.0,0.0,0.001,0.001,0,0,0,0,envitus,70B3D509805D,60,31.0,35.0,2021-10-13 04:07:02
495,6165507854811a28701acc0d,29.61,55.19,0.237,442.0,0.0,0.0,0.001,0,0,0,0,envitus,70B3D509805D,60,13.0,13.0,2021-10-12 09:08:05
496,6168aa4954811a2870257965,21.85,91.98,0.122,478.0,0.0,0.003,0.001,0,0,0,0,envitus,70B3D509805D,60,8.0,9.0,2021-10-14 22:08:06
497,616badba074ea276ed71fcdd,23.06,64.27,0.319,479.0,0.0,0.002,0.0,0,0,0,3072,envitus,70B3D509805D,60,4.0,5.0,2021-10-17 04:04:31
498,617e40cd20be12f18c8922bc,22.73,85.73,0.591,494.0,0.0,0.003,0.002,0,0,0,0,envitus,70B3D509805D,60,41.0,50.0,2021-10-31 07:07:53
499,6170bd74e66c30339e5d6d98,29.66,77.36,0.758,478.0,0.0,0.0,0.003,0,0,0,0,envitus,70B3D509805D,60,41.0,49.0,2021-10-21 01:08:02
500,6184bc2420be12f18c97c769,32.55,61.75,0.164,433.0,0.0,0.0,0.0,0,0,0,0,envitus,70B3D509805D,60,24.0,25.0,2021-11-05 05:07:46
501,61761f82e66c30339e72df74,27.64,49.57,0.193,448.0,0.0,0.0,0.0,0,0,0,0,envitus,70B3D509805D,60,46.0,56.0,2021-10-25 03:07:42
502,616e367be66c30339e5639dd,23.01,85.96,0.917,498.0,0.0,0.003,0.002,0,0,0,0,envitus,70B3D509805D,60,28.0,30.0,2021-10-19 03:07:36
503,6182dde720be12f18c93fc1a,25.18,85.92,0.165,485.0,0.0,0.003,0.002,0,0,0,0,envitus,70B3D509805D,60,47.0,58.0,2021-11-03 19:07:17
504,6167e52854811a2870231146,23.24,83.38,0.329,466.0,0.0,0.003,0.002,0,0,0,0,envitus,70B3D509805D,60,10.0,10.0,2021-10-14 08:07:01
505,6172e1a4e66c30339e64929a,21.03,65.89,0.368,467.0,0.0,0.002,0.001,0,0,0,0,envitus,70B3D509805D,60,39.0,46.0,2021-10-22 16:06:57
506,616dd3f6e66c30339e553292,21.04,91.56,0.276,499.0,0.0,0.003,0.002,0,0,0,0,envitus,70B3D509805D,60,39.0,49.0,2021-10-18 20:07:15
507,61734457e66c30339e6650ad,20.32,66.65,0.287,470.0,0.0,0.002,0.0,0,0,0,0,envitus,70B3D509805D,60,40.0,50.0,2021-10-22 23:08:04
508,617cd32720be12f18c84b52d,21.31,86.6,0.387,481.0,0.0,0.002,0.001,0,0,0,0,envitus,70B3D509805D,60,9.0,10.0,2021-10-30 05:07:48
509,617ea32f20be12f18c8a3f8e,22.73,87.79,0.812,503.0,0.0,0.003,0.001,0,0,0,0,envitus,70B3D509805D,60,38.0,45.0,2021-10-31 14:07:40
510,61640ce854811a2870168fa5,23.84,91.22,0.66,496.0,0.0,0.003,0.002,0,0,0,0,envitus,70B3D509805D,60,11.0,14.0,2021-10-11 10:07:32
511,6167205454811a287020a522,23.9,86.63,0.026,463.0,0.0,0.003,0.002,0,0,0,0,envitus,70B3D509805D,60,23.0,24.0,2021-10-13 18:07:13
512,61717418e66c30339e5f9d58,22.28,74.93,0.409,477.0,0.0,0.002,0.001,0,0,0,0,envitus,70B3D509805D,60,18.0,20.0,2021-10-21 14:07:17
513,618378c220be12f18c943e65,32.58,58.47,0.123,439.0,0.0,0.0,0.001,0,0,0,0,envitus,70B3D509805D,60,15.0,17.0,2021-11-04 06:07:59
514,6171d687e66c30339e60b511,21.72,73.24,0.166,475.0,0.0,0.002,0.001,0,0,0,0,envitus,70B3D509805D,60,17.0,18.0,2021-10-21 21:07:15
515,6181fcd920be12f18c935be0,24.19,82.68,0.735,520.0,0.0,0.003,0.003,0,0,0,0,envitus,70B3D509805D,60,52.0,65.0,2021-11-03 03:07:03
516,6186621120be12f18c9d5dbc,29.25,73.54,0.584,421.0,0.0,0.002,0.004,0,0,0,0,envitus,70B3D509805D,60,40.0,49.0,2021-11-06 11:07:58
517,61639c5454811a2870151975,24.34,91.03,0.523,504.0,0.0,0.003,0.002,0,0,0,0,envitus,70B3D509805D,60,17.0,17.0,2021-10-11 02:07:13
518,616677c154811a28701e863a,25.27,75.46,0.286,449.0,0.0,0.003,0.002,0,0,0,0,envitus,70B3D509805D,60,8.0,9.0,2021-10-13 06:07:58
519,6167ad0b54811a2870225cf9,24.06,79.0,0.259,463.0,0.0,0.002,0.001,0,0,0,0,envitus,70B3D509805D,60,4.0,4.0,2021-10-14 04:07:36
520,617f841a20be12f18c8cd844,23.46,83.79,0.378,500.0,0.0,0.002,0.001,0,0,0,0,envitus,70B3D509805D,60,22.0,23.0,2021-11-01 06:07:18
521,6171821be66c30339e5fc6e4,22.49,75.91,0.352,477.0,0.0,0.002,0.001,0,0,0,0,envitus,70B3D509805D,60,23.0,25.0,2021-10-21 15:07:04
522,6183db1b20be12f18c9504e4,27.61,76.89,0.339,456.0,0.0,0.003,0.001,0,0,0,0,envitus,70B3D509805D,60,46.0,56.0,2021-11-04 13:07:36
