petID,gender,petDOB,petType,petColor,petFavorite,petProperty
113022aa-2a3d-5852-e199-4d3edfe18939,1,0.7089310504396112,0,0,0.0,0.0
1137f3f8-5156-31f2-9629-0204eeb736fa,0,0.46853308653401204,1,1,0.0,1.5
115e6162-2887-7636-5a01-2997b7e81c24,1,0.9419250347061545,2,2,1.5,0.0
116a251e-1dec-7e16-1c01-2997b7e81c24,1,0.6589541878759834,3,2,2.0,3.0
11990fe6-20d8-459e-12e5-cbefc3792353,1,0.5906987505784359,4,3,3.0,0.0
11c2ed81-7c9e-40a3-a775-2a7ae1c799c8,0,0.6075890791300324,5,4,4.0,2.5
120b17ba-701d-515b-5229-0204eeb736fa,0,0.9699213327163351,6,1,5.0,2.0
120d8718-692d-7ba1-f8b5-aae5d250830a,0,0.991207774178621,7,2,0.0,3.0
120ec8fa-6c14-6fec-5c01-2997b7e81c24,0,0.8329477093937991,8,1,4.0,2.5
124ffdb9-1385-5045-85de-835209209de0,1,0.8035631652012957,9,2,3.0,5.0
125bc6df-5332-621b-1ab6-aae5d250830a,0,0.5189726978250809,1,2,3.0,5.0
126339f9-1e9c-7ed8-8a2a-acc8fc2f00af,1,0.8500694123091161,10,2,0.0,2.5
1294ae7e-2858-2074-4429-0204eeb736fa,1,0.6302637667746414,11,5,3.0,0.0
12b3b9af-5583-1906-9d29-0204eeb736fa,1,0.6110596945858399,12,6,3.0,4.0
12c35162-666a-755d-f4e4-cbefc3792353,0,0.506015733456733,13,2,0.0,0.0
12f0f193-6989-25c6-8fde-835209209de0,0,0.7963905599259602,4,2,4.0,0.0
1324d454-6436-7d65-1fb6-aae5d250830a,0,0.46853308653401204,14,2,0.0,3.0
134e38b4-2a08-5357-3a01-2997b7e81c24,1,0.576816288755206,15,0,5.0,1.5
1351edd2-5902-358c-f499-4d3edfe18939,1,0.6112910689495604,16,6,0.0,2.0
135aa3ef-7c39-47c4-d0e4-cbefc3792353,1,0.6883387320684868,17,2,6.0,0.0
135b2a67-15b3-3e00-13e5-cbefc3792353,0,0.9724664507172606,18,2,3.0,4.0
136331ca-4fca-38a9-40de-835209209de0,1,0.8047200370198982,19,2,4.333333333333333,0.0
13d1ce7a-79ef-5edc-6329-0204eeb736fa,1,0.9335955576122166,19,6,0.0,4.5
13d6e7cf-651e-6369-c075-2a7ae1c799c8,1,0.5266080518278575,20,1,0.0,2.3333333333333335
13e482b9-4746-5789-fe75-2a7ae1c799c8,0,0.6980564553447478,21,7,4.0,3.8
13e90e15-7e80-37d9-9e99-4d3edfe18939,0,0.5994909763998149,22,8,4.5,5.0
1401e7ac-56aa-65de-52de-835209209de0,0,0.8102730217491901,20,1,0.0,0.0
142e55e2-1dcb-7358-4bb6-aae5d250830a,0,0.4696899583526145,23,2,1.0,1.5
14356d98-69e0-4c5b-f099-4d3edfe18939,1,0.52776492364646,24,2,0.0,4.0
1469a263-72d6-302c-7ede-835209209de0,1,0.7170291531698287,25,2,5.0,0.0
14736a92-346f-2662-ef99-4d3edfe18939,1,0.5761221656640444,17,8,2.0,1.3333333333333333
14a66e99-6930-62ed-1bb6-aae5d250830a,0,0.502313743637205,26,4,0.0,4.0
14b8a923-52a7-6aad-b899-4d3edfe18939,1,0.5633965756594169,27,2,0.0,0.0
15084c26-4aba-39e1-b52a-acc8fc2f00af,0,0.544886626561777,28,2,5.0,0.0
150b7bb6-3b8b-463c-0bb6-aae5d250830a,0,0.6309578898658029,29,6,0.0,0.0
1569668b-2645-2012-14e5-cbefc3792353,1,0.7820453493752892,27,9,6.0,0.0
158f065c-33e1-15e1-5529-0204eeb736fa,1,0.5187413234613605,30,6,0.0,4.0
15ce8946-58d8-5de6-3201-2997b7e81c24,0,0.994447015270708,31,2,0.0,1.0
15ef6c0e-332a-551c-2901-2997b7e81c24,0,0.4974548819990745,32,2,0.0,3.3333333333333335
1606c530-6d23-1c23-2401-2997b7e81c24,0,0.955113373438223,33,2,6.0,3.0
1627ddbf-59fc-4a19-47de-835209209de0,0,0.5603887089310504,5,2,1.0,2.0
1659acd2-4798-5a62-d8c1-8e252c39bb73,1,0.9916705229060621,12,2,6.0,0.0
16808536-74a8-5042-5f29-0204eeb736fa,0,0.7901434521055067,34,2,0.0,5.0
1694c00e-2786-46a2-dae4-cbefc3792353,0,0.5684868116612679,35,2,0.0,0.0
16c7dea4-6fdc-3a8d-c32a-acc8fc2f00af,1,0.5289217954650625,36,2,2.3333333333333335,5.0
16c9f626-2dac-3630-7cde-835209209de0,0,0.8965756594169366,37,2,6.0,6.0
16f15f5c-2f74-569e-fab5-aae5d250830a,1,0.531004164738547,38,2,3.0,0.0
16f3852c-3f05-7267-070d-0dd710d1548d,1,0.7167977788061083,39,2,0.0,0.0
16f48e73-1fc3-6f4f-d475-2a7ae1c799c8,1,0.8769088385006941,30,0,0.0,3.0
1720654b-2559-3acc-c50c-0dd710d1548d,0,0.47987043035631655,30,2,1.0,0.0
17785f9b-2afd-1ce9-f2c1-8e252c39bb73,0,0.7926885701064322,40,2,0.0,0.0
17ba2c20-5062-6cd6-a799-4d3edfe18939,0,0.8209162424803331,41,2,5.5,0.0
17c6a71f-1a92-679c-01e5-cbefc3792353,0,0.8757519666820917,42,2,0.0,0.0
17dc88af-4ae9-6b79-27b6-aae5d250830a,1,0.7695511337343822,43,8,3.3333333333333335,4.5
17e42f3f-4941-4413-f899-4d3edfe18939,0,0.48218417399352154,30,2,0.0,5.0
18092b4c-6fa1-2d8c-f7e4-cbefc3792353,1,0.7700138824618232,28,1,5.0,0.0
180edd71-1727-7bf0-cc99-4d3edfe18939,1,0.9743174456270245,28,0,0.0,2.5
18216820-1b13-548c-e775-2a7ae1c799c8,1,0.531466913465988,44,4,0.0,0.0
18866bec-1af3-5d61-9f75-2a7ae1c799c8,1,0.9863489125404905,23,2,0.0,0.0
18a0bc9d-5f33-2803-4529-0204eeb736fa,0,0.6816288755205924,45,10,0.0,1.0
18de48ae-4fbe-6e1d-1901-2997b7e81c24,0,0.9585839888940305,46,2,1.5,0.0
18fb6aeb-1eab-6a69-b42a-acc8fc2f00af,0,0.6756131420638594,47,2,0.0,3.0
1901b51b-61bd-3b7e-8929-0204eeb736fa,0,0.538408144377603,14,2,2.0,0.0
1904c499-616b-7809-8e2a-acc8fc2f00af,1,0.9426191577973161,48,4,6.0,0.0
19199813-4275-601e-a175-2a7ae1c799c8,1,0.4946783896344285,49,2,3.5,0.0
192179dd-49ba-6a96-c02a-acc8fc2f00af,1,0.9032855159648311,39,9,2.0,0.0
1926e050-16c9-3039-fec1-8e252c39bb73,1,0.5659416936603424,50,8,0.0,4.0
19305c7c-15bd-1841-df99-4d3edfe18939,1,0.9849606663581675,30,2,5.5,4.0
19410667-2b94-5075-9a99-4d3edfe18939,1,0.7440999537251273,26,11,2.0,3.0
196edec8-2a19-1865-cfc1-8e252c39bb73,1,0.6645071726052754,51,2,2.6666666666666665,4.5
19885dff-5390-4e08-982a-acc8fc2f00af,1,0.5853771402128645,4,11,5.0,2.5
19a4b539-2415-2b23-f799-4d3edfe18939,1,0.7376214715409533,21,2,0.0,2.6666666666666665
19e3091e-2fee-2f47-9129-0204eeb736fa,0,0.6298010180472003,52,2,4.333333333333333,4.333333333333333
1a2b1903-2ae8-4f8b-f1c1-8e252c39bb73,1,0.6221656640444239,53,8,2.0,3.0
1a31757d-277f-4241-d3c1-8e252c39bb73,0,0.6418324849606664,54,2,0.0,0.0
1a47bb8d-1b09-115a-c22a-acc8fc2f00af,0,0.4701527070800555,21,2,0.0,3.0
1a6f3290-2ca1-5a2f-da99-4d3edfe18939,1,0.511568718186025,21,12,0.0,0.0
1a8cbcaa-5823-220b-c399-4d3edfe18939,0,0.8489125404905137,36,13,3.0,0.0
1a8cd134-672a-13e2-de75-2a7ae1c799c8,0,0.7720962517353077,55,14,4.0,5.0
1a8f61a3-409c-6634-b999-4d3edfe18939,1,0.4747801943544655,25,2,6.0,5.333333333333333
1a9bfbe9-663f-3219-d1c1-8e252c39bb73,0,0.6390559925960203,46,4,0.0,0.75
1aa107e3-3d84-261c-d575-2a7ae1c799c8,0,0.469921332716335,16,2,4.0,1.0
1ab2425f-33b7-4cb5-c6e4-cbefc3792353,1,0.985192040721888,56,2,0.0,0.0
1ab95214-2f9b-4650-5329-0204eeb736fa,1,0.9245719574271171,17,0,0.0,4.0
1acd9fe3-1dd4-1de8-4601-2997b7e81c24,0,0.48773715872281354,57,15,0.0,4.5
1b11f02b-60af-55a2-b8e4-cbefc3792353,1,0.4919018972697825,26,16,0.0,4.0
1b163117-1539-2064-04c2-8e252c39bb73,0,0.9264229523368811,58,2,2.0,3.0
1b3e8cf1-3529-4893-bf75-2a7ae1c799c8,1,0.7827394724664507,59,4,2.3333333333333335,3.0
1b67163c-627d-6623-9c2a-acc8fc2f00af,1,0.6575659416936603,19,9,1.0,3.0
1b84f028-7797-7733-dde4-cbefc3792353,0,0.9229523368810736,1,17,5.0,0.0
1b86d008-3ab1-3d8d-f599-4d3edfe18939,1,0.47987043035631655,19,2,0.0,0.0
1be42e2a-625b-1c48-03e5-cbefc3792353,1,0.47987043035631655,60,3,0.0,0.0
1bf4f8cc-4d5f-623e-c199-4d3edfe18939,0,0.906524757056918,58,0,0.0,2.6666666666666665
1bf7eb6f-2837-7f1f-acc1-8e252c39bb73,0,0.46807033780657104,61,2,5.0,0.0
1c2ed73c-646f-25b4-4cb6-aae5d250830a,1,0.483803794539565,62,3,4.666666666666667,5.0
1c3ba995-4e49-7c1b-f8c1-8e252c39bb73,0,0.48218417399352154,26,2,1.0,6.0
1c40c330-4ddd-3094-c20c-0dd710d1548d,1,0.5640906987505785,21,6,4.0,4.5
1c644f3f-7270-4b02-7829-0204eeb736fa,1,0.6459972235076353,63,2,3.0,2.0
1c792425-1761-1494-e22a-acc8fc2f00af,1,0.944007403979639,37,4,2.0,0.0
1cb6d462-6592-7b60-e8e4-cbefc3792353,0,0.9412309116149931,36,2,0.0,0.0
1cfbbaf9-31e9-68a1-4929-0204eeb736fa,0,0.6226284127718649,1,2,0.0,0.0
1d0839d4-6669-30c0-6629-0204eeb736fa,1,0.47686256362795004,62,6,6.0,0.0
1d10d7df-5ef8-368b-e399-4d3edfe18939,0,0.6728366496992133,64,2,0.0,0.0
1d12f8d0-7cd5-1e4c-c7e4-cbefc3792353,1,0.475011568718186,15,2,5.0,0.0
1d1e9f05-72b9-47e3-3501-2997b7e81c24,1,0.5696436834798704,65,2,1.5,4.5
1d43b06f-1fec-1356-dac1-8e252c39bb73,1,0.4780194354465525,54,2,0.0,1.0
1d5b3449-3d35-7063-6701-2997b7e81c24,1,0.4701527070800555,62,2,0.0,4.0
1d9109a1-6797-4bdb-8c2a-acc8fc2f00af,0,0.554141601110597,66,3,0.0,0.0
1df06d2f-3192-3fa0-c82a-acc8fc2f00af,1,0.6925034706154558,15,2,6.0,4.0
1dffee43-5f1b-3c4d-2701-2997b7e81c24,0,0.533317908375752,35,2,0.0,0.0
1e0f8d3b-3d3b-53d4-23b6-aae5d250830a,1,0.8456732993984266,28,2,0.5,2.5
1e81ef17-2dae-246e-5d01-2997b7e81c24,1,0.8896344285053216,67,15,0.0,4.0
1e8bce8b-66ba-5a64-0f0d-0dd710d1548d,1,0.7228135122628413,49,2,0.0,1.0
1e9d6bcd-7320-792d-c799-4d3edfe18939,0,0.9215640906987506,48,18,3.5,3.0
1eb3f7dd-377d-63d4-6301-2997b7e81c24,1,0.5354002776492365,38,2,2.0,5.0
1ec2d1ab-7af6-34c5-d5c1-8e252c39bb73,1,0.6240166589541879,68,2,0.0,3.5
1eee382a-322b-2940-06e5-cbefc3792353,0,0.6575659416936603,69,2,3.0,0.0
1efd1859-7918-17b3-e8c1-8e252c39bb73,1,0.9021286441462286,39,19,0.0,3.6666666666666665
1f3754af-7196-5287-efb5-aae5d250830a,1,0.9858861638130495,70,2,6.0,4.0
1f3e957c-1c01-6a40-44de-835209209de0,0,0.9632114761684405,45,8,4.0,6.0
1f5974b1-3782-1511-4001-2997b7e81c24,0,0.7216566404442388,71,2,0.0,3.0
1f7b1037-2475-4221-b699-4d3edfe18939,1,0.7114761684405367,72,20,4.5,0.5
1f89b895-2e9d-5504-9f29-0204eeb736fa,1,0.7808884775566867,73,2,0.0,3.0
1f97567a-1769-4df7-92de-835209209de0,0,0.7582137899120778,74,2,2.0,3.0
1fbe3bf0-6bc0-5b95-5fde-835209209de0,0,0.9301249421564091,37,2,3.0,1.6666666666666667
1fc8597c-1564-64e2-73de-835209209de0,0,0.5939379916705229,75,2,4.5,3.0
1fca5c35-3807-64d6-5ade-835209209de0,1,0.49537251272559,76,2,2.0,0.0
2005a64b-5f43-7661-cf99-4d3edfe18939,1,0.7022211938917168,77,2,4.0,2.0
20436c80-22f5-2c8b-eb99-4d3edfe18939,0,0.5858398889403054,78,9,0.0,6.0
205e76ff-2b70-6327-f699-4d3edfe18939,0,0.8065710319296622,33,1,4.0,0.0
206f5c7d-39e9-5e7c-62de-835209209de0,0,0.47686256362795004,67,2,0.0,2.0
208880a8-199d-73f6-46de-835209209de0,0,0.8914854234150856,64,2,4.25,4.0
209b1f81-2a87-7164-9b2a-acc8fc2f00af,1,0.912540490513651,35,4,0.0,0.0
20cbf97c-68c1-7f4c-b575-2a7ae1c799c8,1,0.7216566404442388,31,2,6.0,0.0
20e10a03-3f98-605d-fdc1-8e252c39bb73,0,0.9627487274409995,33,2,3.3333333333333335,4.0
20fbbcfc-6925-7562-f0c1-8e252c39bb73,1,0.9384544192503471,20,2,3.0,5.0
2112e7a4-7304-2a23-5301-2997b7e81c24,0,0.559231837112448,47,2,0.0,0.0
21157040-1eff-5e4f-06b6-aae5d250830a,1,0.6436834798704304,22,0,3.0,0.0
2115a119-3720-61b4-b7c1-8e252c39bb73,0,0.8475242943081907,6,0,0.0,0.0
2124e1a4-380c-37f8-02e5-cbefc3792353,0,0.5407218880148079,60,2,1.0,2.0
216ccbdf-3a89-476b-efe4-cbefc3792353,0,0.7070800555298473,79,9,0.0,5.0
21cbef2d-5078-6dcc-e12a-acc8fc2f00af,1,0.6126793151318833,22,6,2.6666666666666665,0.0
2226ece3-7646-77d6-db75-2a7ae1c799c8,0,0.5863026376677464,80,2,0.0,3.5
224b644f-72d4-2330-b6c1-8e252c39bb73,1,0.6938917167977788,4,2,0.0,3.0
22605f55-7e61-603e-0f01-2997b7e81c24,1,0.4696899583526145,81,2,4.0,0.0
22868de9-28b6-679c-b4e4-cbefc3792353,1,0.9153169828782971,20,6,6.0,0.5
22964193-12eb-4a77-3ade-835209209de0,1,0.4757056918093475,3,2,5.0,0.0
22b4de13-354d-506e-31de-835209209de0,1,0.5118000925497455,78,6,6.0,2.5
232f4b76-1d74-3374-6b29-0204eeb736fa,1,0.7801943544655252,53,2,6.0,3.0
236aa309-1c36-787a-4e29-0204eeb736fa,0,0.6800092549745488,38,2,0.0,1.0
2392d5e0-41ec-6e03-9029-0204eeb736fa,0,0.4858861638130495,82,2,4.0,3.5
2393bd9e-5f6f-408a-1e01-2997b7e81c24,1,0.4951411383618695,82,2,0.0,0.0
2396f7c9-74c5-7b1a-d9e4-cbefc3792353,0,0.6513188338732069,62,2,3.5,0.0
23a08fa7-3bae-55f6-b175-2a7ae1c799c8,0,0.9183248496066636,38,6,5.0,4.0
23cd5f3e-7636-462b-b4c1-8e252c39bb73,1,0.494447015270708,83,2,6.0,0.0
23f639c2-474c-57c5-fc99-4d3edfe18939,1,0.6473854696899584,67,2,6.0,0.0
24159899-1d16-2f5a-67de-835209209de0,1,0.469921332716335,49,8,1.0,4.0
241b1a95-7598-1d38-db2a-acc8fc2f00af,0,0.9812586765386395,45,2,1.0,0.0
241e48ba-5c18-430e-b92a-acc8fc2f00af,1,0.6427579824155484,71,2,0.0,0.0
24391d54-2a34-68c4-8429-0204eeb736fa,0,0.8438223044886627,24,2,5.0,0.0
247be8af-5c30-1cd1-07e5-cbefc3792353,1,0.7306802406293382,48,6,4.0,3.0
248a71c4-64d6-2b2e-36de-835209209de0,1,0.46830171217029154,23,14,0.0,2.0
249f4e1c-3af4-6732-7bde-835209209de0,1,0.517121702915317,51,2,6.0,6.0
24ab1c4f-68fb-43c4-7f29-0204eeb736fa,0,0.9664507172605276,28,2,0.0,0.0
24fa226e-1800-7304-a575-2a7ae1c799c8,1,0.47917630726515503,52,2,4.0,4.0
250caf7d-2f8d-46b3-ce75-2a7ae1c799c8,1,0.5027764923646459,84,2,0.0,0.0
252476c7-65b8-38bf-1eb6-aae5d250830a,1,0.4909763998149005,85,6,0.0,4.0
2560ba04-32ef-574e-01c2-8e252c39bb73,0,0.8465987968533086,19,0,0.0,0.0
2593be8d-5c97-23fc-afc1-8e252c39bb73,1,0.5779731605738084,55,21,0.0,3.5
259e19dc-5edb-7342-8ade-835209209de0,1,0.8088847755668672,54,2,6.0,0.0
25abac58-6af4-573d-c699-4d3edfe18939,1,0.6247107820453494,86,0,0.0,5.0
25b8197c-3829-3976-d2e4-cbefc3792353,1,0.7276723739009717,69,2,0.0,0.0
25ba93a8-73b5-504a-cb99-4d3edfe18939,0,0.7875983341045812,78,8,2.0,1.0
25bb0278-6320-66d4-e72a-acc8fc2f00af,1,0.8084220268394262,87,22,0.0,1.0
25f20752-5f67-6e6d-0b01-2997b7e81c24,0,0.8972697825080981,34,2,0.0,0.0
26021185-77af-263c-842a-acc8fc2f00af,0,0.5976399814900509,13,3,0.0,2.0
2602a715-3eca-389d-0c01-2997b7e81c24,0,0.7795002313743638,72,2,5.0,0.0
260c3f2b-7219-1f66-78de-835209209de0,1,0.5053216103655715,14,2,0.0,0.0
26420ca0-70da-62d8-d375-2a7ae1c799c8,0,0.46830171217029154,77,1,3.0,3.3333333333333335
26443626-4225-2aca-dd2a-acc8fc2f00af,1,0.8695048588616381,24,2,0.0,0.0
264de018-5a14-3033-7c29-0204eeb736fa,0,0.4817214252660805,58,2,0.0,0.0
2659256c-7f1c-3a49-dbe4-cbefc3792353,0,0.9058306339657566,84,2,0.0,0.0
26634b17-52cf-7591-4201-2997b7e81c24,0,0.6182322998611753,88,2,3.3333333333333335,2.0
266bbb26-2fc7-5e99-dc75-2a7ae1c799c8,1,0.5580749652938455,49,2,0.0,6.0
269f2535-340a-2670-9229-0204eeb736fa,0,0.47107820453493754,2,2,5.0,0.0
26a4af02-6139-3531-21b6-aae5d250830a,0,0.5085608514576585,59,13,0.0,5.0
26add0d6-2fd1-4f3e-bc99-4d3edfe18939,0,0.47917630726515503,10,2,0.0,6.0
26ade8be-5fb3-73b7-31b6-aae5d250830a,1,0.5083294770939379,70,23,0.0,0.0
26b37d89-679c-5937-10e5-cbefc3792353,0,0.4872744099953725,89,2,1.0,0.0
26b6c667-339c-40aa-05e5-cbefc3792353,0,0.7329939842665433,68,2,1.0,3.0
26bb351d-4ee2-6450-3bde-835209209de0,0,0.6712170291531698,89,2,3.5,1.5
26cd9372-2c17-5956-fa75-2a7ae1c799c8,0,0.46807033780657104,27,2,0.0,1.5
26d99160-4ee1-4b29-130d-0dd710d1548d,0,0.6737621471540953,26,2,1.0,0.0
26e29b3c-65b4-3643-d8e4-cbefc3792353,1,0.9692272096251735,76,3,0.0,2.0
26e55425-5d05-7eca-ac2a-acc8fc2f00af,0,0.5800555298472929,58,24,4.0,6.0
2747754d-57ee-4bf4-e499-4d3edfe18939,0,0.7054604349838038,32,2,0.0,4.0
2765eb5c-1626-5839-dee4-cbefc3792353,1,0.5113373438223044,15,9,4.0,0.0
2770c904-3a10-30eb-09e5-cbefc3792353,1,0.5377140212864414,61,25,3.0,0.0
27736a18-26d3-1e45-ea99-4d3edfe18939,1,0.9632114761684405,47,2,0.0,4.8
27b8b385-643e-754b-8529-0204eeb736fa,1,0.5164275798241554,36,1,0.0,0.0
27bc1145-17ef-6884-da0c-0dd710d1548d,1,0.5085608514576585,26,18,0.0,3.0
27d2a883-26cd-7541-29b6-aae5d250830a,1,0.5145765849143915,15,2,6.0,5.0
27d71aab-30b5-1bb9-1001-2997b7e81c24,1,0.5441925034706154,57,26,2.5,0.0
27e20143-77fd-1f98-d399-4d3edfe18939,1,0.47408607126330404,45,2,2.3333333333333335,3.0
27edf96b-2edd-56aa-dcc1-8e252c39bb73,0,0.6099028227672374,71,2,0.0,4.5
28399bc0-65a1-6e81-5c29-0204eeb736fa,1,0.480564553447478,90,8,3.0,0.0
28ac0aab-2262-5169-39b6-aae5d250830a,0,0.48472929199444703,21,2,0.0,3.0
28ae9e91-2a59-5dc0-53de-835209209de0,0,0.469458583988894,63,2,5.0,0.0
28ee254d-50db-3ffe-4ab6-aae5d250830a,1,0.5587690883850069,44,2,5.0,4.0
28f02bc4-27ac-6666-09b6-aae5d250830a,1,0.5247570569180935,12,2,1.5,5.0
29178092-6795-17ee-0a0d-0dd710d1548d,0,0.9072188801480796,34,1,4.333333333333333,0.0
292d5695-186a-5974-64de-835209209de0,0,0.7311429893567792,51,2,3.5,0.0
2957b2d8-4396-3c60-49de-835209209de0,0,0.7084683017121703,55,1,5.0,0.0
295968f4-73bf-4c93-c92a-acc8fc2f00af,1,0.6126793151318833,6,2,6.0,1.0
29866dce-6efd-7079-f675-2a7ae1c799c8,0,0.9426191577973161,32,2,6.0,4.0
29ac01a2-5ac3-6ef4-3301-2997b7e81c24,1,0.6774641369736233,65,1,3.0,0.0
29b936ef-1acc-5aea-88de-835209209de0,0,0.8778343359555761,91,6,0.0,4.0
29c606ed-6cb7-14a5-36b6-aae5d250830a,0,0.6050439611291069,91,2,0.0,4.5
29c8d088-2fb8-20c7-5bde-835209209de0,1,0.5284590467376215,8,6,3.0,2.0
29cee70a-274d-7e18-0be5-cbefc3792353,0,0.7586765386395188,42,9,5.0,0.0
29d16a05-4133-3490-0fb6-aae5d250830a,1,0.6638130495141138,38,6,0.0,0.0
29d5c4cd-7e13-7988-2d01-2997b7e81c24,1,0.7070800555298473,92,2,0.0,0.0
29f79cec-6593-2629-83de-835209209de0,1,0.7642295233688108,56,1,3.5,0.0
2a28f485-384d-69f4-cbc1-8e252c39bb73,0,0.6369736233225358,90,1,3.0,2.0
2a9007e5-6eef-14ef-4101-2997b7e81c24,0,0.4854234150856085,19,2,0.0,1.0
2ac83802-3dd6-2bd7-4a01-2997b7e81c24,1,0.7635354002776492,82,2,4.0,1.5
2ad8df59-6dff-56c7-eb75-2a7ae1c799c8,1,0.8475242943081907,2,2,0.0,2.5
2aea824a-4fd1-776e-9b29-0204eeb736fa,1,0.5687181860249885,14,25,1.0,0.0
2aee4d4c-4537-4397-b375-2a7ae1c799c8,1,0.469458583988894,22,27,1.0,0.0
2afcb613-7db8-3771-18b6-aae5d250830a,0,0.8158260064784821,93,6,2.0,3.0
2afd7bae-5a7a-7e54-13b6-aae5d250830a,1,0.4872744099953725,0,9,0.0,0.0
2b031b59-5276-589c-9d75-2a7ae1c799c8,1,0.6476168440536788,40,2,4.0,0.0
2b04fa13-71c4-1546-af75-2a7ae1c799c8,1,0.8614067561314206,16,2,1.0,0.0
2b06aa78-5cbf-4779-d499-4d3edfe18939,0,0.9074502545118001,75,2,0.0,0.0
2b3d2467-632b-2479-ebc1-8e252c39bb73,0,0.7487274409995373,67,3,3.0,0.0
2b5fae14-253d-17dd-d5e4-cbefc3792353,0,0.5677926885701065,44,4,2.0,5.0
2b6acdb9-5b0b-5487-dd75-2a7ae1c799c8,0,0.7454881999074503,30,22,3.0,3.0
2b8df2a6-266e-28e0-d9c1-8e252c39bb73,0,0.992596020360944,87,2,0.0,0.0
2b8ff46c-6ff0-20f6-8ede-835209209de0,0,0.481027302174919,76,6,3.0,0.0
2b9ff124-57bc-47e0-c999-4d3edfe18939,1,0.4724664507172605,30,2,2.5,6.0
2ba778e0-5c2f-792f-110d-0dd710d1548d,1,0.527302174919019,67,28,0.0,5.0
2bb547eb-3818-7b6d-bc75-2a7ae1c799c8,1,0.6328088847755668,14,2,0.0,0.0
2bc44884-3d01-437d-01b6-aae5d250830a,0,0.6304951411383619,75,2,3.3333333333333335,5.0
2bde752b-691f-7914-f199-4d3edfe18939,0,0.4895881536325775,50,3,0.0,2.0
2be0325d-6782-20fc-f6c1-8e252c39bb73,1,0.983803794539565,89,8,0.0,0.0
2be53f03-79ff-7462-fcb5-aae5d250830a,0,0.4696899583526145,44,29,0.0,6.0
2bfac21a-42d9-3905-7729-0204eeb736fa,1,0.6938917167977788,92,2,2.5,0.0
2c04ecbe-463d-3f3d-e699-4d3edfe18939,1,0.46830171217029154,14,2,0.0,2.0
2c2dca8b-3f0c-7ad0-8829-0204eeb736fa,0,0.4807959278111985,69,4,3.0,5.0
2c31cb08-7953-6212-d70c-0dd710d1548d,0,0.4696899583526145,43,2,0.0,0.0
2c38e8a8-5e56-1f49-9829-0204eeb736fa,1,0.7494215640906987,4,9,0.0,2.0
2c3dfa7b-4a6e-57e9-a675-2a7ae1c799c8,1,0.6557149467838963,81,2,0.0,0.0
2c5d5b86-3963-7786-aac1-8e252c39bb73,0,0.487968533086534,69,4,2.0,2.5
2c7e4e36-792f-7d31-80de-835209209de0,0,0.8882461823229986,76,30,0.0,3.0
2c97176e-4861-4c00-4801-2997b7e81c24,1,0.9046737621471541,36,2,5.0,3.5
2cc9f726-312e-36c1-5d29-0204eeb736fa,1,0.503701989819528,82,3,0.0,0.0
2ceafd18-3bc3-36f6-2001-2997b7e81c24,0,0.9467838963442851,24,2,4.0,1.0
2cf64fcb-58d9-4e9b-a829-0204eeb736fa,1,0.6820916242480333,2,2,3.5,3.0
2d53224f-3d5c-18d3-fe0c-0dd710d1548d,1,0.9109208699676076,15,0,5.0,2.0
2d5d1b3b-32c9-3e2e-8729-0204eeb736fa,0,0.497223507635354,38,2,4.5,0.0
2d69b718-1987-3b9f-f5c1-8e252c39bb73,0,0.46783896344285053,73,2,0.0,0.0
2d7665ff-7d9d-6041-f50c-0dd710d1548d,1,0.8000925497454882,56,2,3.6666666666666665,1.0
2d83b62e-75de-3edc-f9e4-cbefc3792353,0,0.9414622859787135,10,1,1.0,0.0
2d8e35e6-1bfe-474c-43b6-aae5d250830a,1,0.469458583988894,45,9,0.0,2.0
2de3fff3-3ec5-42af-70de-835209209de0,1,0.5974086071263304,6,2,0.0,3.5
2dee9c5d-21dd-7c92-6e29-0204eeb736fa,1,0.8583988894030541,3,0,2.3333333333333335,6.0
2e0d65e2-70c2-2f8f-120d-0dd710d1548d,1,0.6147616844053679,93,2,0.0,4.0
2e13672d-251a-1591-cac1-8e252c39bb73,0,0.5869967607589079,94,6,4.0,0.0
2e1fa759-2bed-26f5-a499-4d3edfe18939,1,0.46783896344285053,89,2,4.0,0.0
2e5c9ee6-2ea7-5b02-dce4-cbefc3792353,0,0.6223970384081444,7,2,3.5,4.0
2e7d900c-171c-36c7-34b6-aae5d250830a,1,0.7008329477093937,60,0,0.0,4.0
2eb7b3bf-1c8e-27d1-1201-2997b7e81c24,0,0.6427579824155484,3,9,1.0,4.0
2eb9710c-7ef0-3f9a-9f2a-acc8fc2f00af,0,0.4784821841739935,11,9,1.5,0.0
2ed2bff0-27f3-59be-cce4-cbefc3792353,1,0.6436834798704304,57,31,0.0,6.0
2ef648fa-6d12-1733-f575-2a7ae1c799c8,1,0.8105043961129107,27,3,0.0,6.0
2f3fb486-6708-7379-aa2a-acc8fc2f00af,0,0.7235076353540028,38,2,3.0,0.0
2f5dd2b9-2c1c-1621-de2a-acc8fc2f00af,1,0.469921332716335,40,24,3.0,3.0
2f6a0cc0-304b-2070-d1e4-cbefc3792353,1,0.8924109208699676,21,2,0.0,0.0
2fbc7361-6e11-1b7f-4c01-2997b7e81c24,1,0.9993058769088385,14,2,0.0,1.0
2fc0e9ee-1600-71e5-5201-2997b7e81c24,1,0.8160573808422027,73,3,0.0,0.0
2fcce6c6-5661-313e-eac1-8e252c39bb73,0,0.6314206385932438,37,2,3.0,4.0
2fcfcdba-6e2a-6ed7-2101-2997b7e81c24,1,0.9916705229060621,38,2,3.3333333333333335,0.0
300bd270-340d-5844-c30c-0dd710d1548d,0,0.9143914854234151,11,9,2.0,2.0
300f1786-3205-77a4-d52a-acc8fc2f00af,1,0.7538176770013882,67,2,2.5,2.5
304a327d-757c-1dd2-3dde-835209209de0,1,0.8109671448403517,61,2,1.75,0.0
30523956-2ee5-54f6-4ade-835209209de0,0,0.469458583988894,43,2,4.5,1.0
3084625b-7b81-5184-9e75-2a7ae1c799c8,1,0.9294308190652476,63,2,6.0,0.0
309b4a0a-7abd-2c3d-c375-2a7ae1c799c8,0,0.8931050439611291,16,1,2.0,3.3333333333333335
309e7fde-6c66-4c9c-2501-2997b7e81c24,1,0.473160573808422,92,2,2.0,4.0
30b4ba1e-7fcb-4676-ac99-4d3edfe18939,0,0.4840351689032855,68,2,4.5,4.0
30b5706e-1232-742c-eae4-cbefc3792353,1,0.7785747339194817,34,2,0.0,0.0
310a4a0e-7b6f-5599-19e5-cbefc3792353,1,0.47431744562702455,12,2,4.2,0.0
3115ec3d-5fca-18ff-f1b5-aae5d250830a,1,0.6612679315131883,25,32,4.0,3.0
319a87a5-79bc-7559-7ade-835209209de0,1,0.9810273021749191,39,2,1.0,0.0
319e5f24-1439-74c8-eee4-cbefc3792353,1,0.47061545580749653,2,2,6.0,3.6666666666666665
31a0b304-73e0-41c1-c9c1-8e252c39bb73,0,0.8711244794076817,75,2,6.0,4.5
31ea60b1-7ce9-4c33-2b01-2997b7e81c24,1,0.565247570569181,5,2,0.0,5.0
31f0f88a-24d8-2b8a-cf2a-acc8fc2f00af,1,0.8273947246645071,43,2,1.5,5.333333333333333
321fd02a-20d6-7be4-ede4-cbefc3792353,0,0.7401665895418787,32,9,5.0,0.0
323a3e36-709a-61ad-a029-0204eeb736fa,0,0.9136973623322536,39,2,6.0,3.0
3248c1ab-4a68-1ffb-ccc1-8e252c39bb73,0,0.7059231837112447,66,2,0.0,4.5
32650cff-6759-555f-de0c-0dd710d1548d,0,0.8676538639518742,90,2,4.0,4.0
32d509b9-2d1a-43b5-9d99-4d3edfe18939,1,0.5402591392873669,52,2,4.0,4.5
3303fdca-371e-11ae-d80c-0dd710d1548d,0,0.5886163813049514,33,15,3.0,0.0
330915e9-7856-331a-5701-2997b7e81c24,0,0.8766774641369737,28,2,0.0,2.0
330c5257-440e-4905-e099-4d3edfe18939,1,0.6693660342434058,52,2,0.0,4.0
330f59d9-4ced-641e-f20c-0dd710d1548d,1,0.6404442387783433,87,1,0.0,0.0
3366dead-2c35-244c-922a-acc8fc2f00af,1,0.7251272559000462,67,2,3.6666666666666665,4.0
336d2cf7-566c-5782-8d2a-acc8fc2f00af,1,0.9384544192503471,0,33,4.0,2.5
33aa8cae-1482-3d32-020d-0dd710d1548d,0,0.965293845441925,18,2,0.0,0.0
33b8e024-16f3-476f-5b01-2997b7e81c24,1,0.973623322535863,71,1,3.0,0.0
33cc0141-161c-2914-42b6-aae5d250830a,1,0.5793614067561315,83,34,3.6666666666666665,1.0
33fb5009-68ec-7965-e0e4-cbefc3792353,0,0.9641369736233225,34,2,0.0,3.0
33fc3652-7c83-5113-4401-2997b7e81c24,1,0.5939379916705229,60,2,5.0,2.0
34018b5b-39db-2a71-3fb6-aae5d250830a,0,0.6813975011568718,79,6,0.0,6.0
340c45da-2c36-4372-f775-2a7ae1c799c8,0,0.6749190189726978,3,8,4.0,1.0
341a9654-688c-7cd7-0ee5-cbefc3792353,0,0.492596020360944,12,2,4.0,5.0
342b0f81-5417-2d9d-0de5-cbefc3792353,1,0.7262841277186488,42,3,2.0,1.0
345d3b41-1c9b-251d-a02a-acc8fc2f00af,1,0.5745025451180009,95,2,3.0,3.0
346a2fa5-1c96-5a60-e90c-0dd710d1548d,1,0.4983803794539565,30,1,0.0,0.0
34793401-5033-2f25-0b0d-0dd710d1548d,1,0.7061545580749653,58,2,0.0,1.3333333333333333
3489ba00-13db-7390-c875-2a7ae1c799c8,0,0.9049051365108746,89,2,0.0,4.0
34a6d87c-19f6-76fc-6101-2997b7e81c24,0,0.8588616381304951,65,2,2.5,0.0
34abc646-4b81-2e06-bdc1-8e252c39bb73,1,0.8905599259602036,49,2,0.0,0.0
34ae7412-3b94-248f-ea75-2a7ae1c799c8,0,0.48241554835724204,68,35,6.0,1.0
35067208-320b-707d-4c29-0204eeb736fa,1,0.6214715409532624,21,2,3.0,0.0
3535b4cd-6e03-5bd5-18e5-cbefc3792353,1,0.7572882924571958,52,4,2.0,0.0
35417e78-4185-2ed3-a099-4d3edfe18939,1,0.6850994909763998,96,2,4.5,2.5
354c6a05-3f00-2d70-08e5-cbefc3792353,0,0.5615455807496529,47,36,0.0,3.5
35531585-3eda-3961-d999-4d3edfe18939,1,0.7156409069875058,47,2,0.0,1.0
3563f414-2753-6478-66de-835209209de0,1,0.46876446089773255,97,13,2.3333333333333335,2.0
35927725-7e9c-692a-0eb6-aae5d250830a,0,0.46899583526145305,45,1,3.6666666666666665,4.0
35950ce3-51b3-5206-0ab6-aae5d250830a,0,0.6753817677001388,6,2,0.0,0.0
35a5b654-66ce-1600-8b29-0204eeb736fa,1,0.4780194354465525,15,1,5.0,3.0
35bfadf8-480e-733f-f8e4-cbefc3792353,0,0.6508560851457659,43,2,4.0,3.5
35c5d5fa-17ea-4bed-3c01-2997b7e81c24,1,0.6439148542341508,86,2,3.0,3.0
361b0574-2d47-5523-d82a-acc8fc2f00af,1,0.9185562239703841,89,2,0.0,0.0
361c1261-275a-1b3f-df75-2a7ae1c799c8,1,0.8186024988431282,17,37,2.5,4.0
36349272-668f-5b0f-d32a-acc8fc2f00af,1,0.8065710319296622,33,0,4.0,4.0
365bfc84-5377-4860-e10c-0dd710d1548d,1,0.5293845441925035,15,1,0.0,6.0
3667fcb5-1dc2-1281-a075-2a7ae1c799c8,0,0.5423415085608515,94,2,1.0,2.0
36849350-1b5e-3e1b-3801-2997b7e81c24,1,0.5367885238315595,34,2,0.0,3.0
369e22f6-221c-56bd-852a-acc8fc2f00af,0,0.5497454881999074,70,8,6.0,3.0
36a4ab59-4d46-3f33-76de-835209209de0,0,0.8819990745025451,79,2,0.0,0.0
36ec3ec3-73c2-57df-93de-835209209de0,0,0.46922720962517356,61,2,0.0,0.0
370ef190-2fd6-173d-65de-835209209de0,1,0.46876446089773255,88,8,1.0,4.666666666666667
371c981f-1252-3a06-30b6-aae5d250830a,0,0.6726052753354929,20,2,0.0,0.0
372c7905-56f3-2c07-04b6-aae5d250830a,0,0.9035168903285516,15,2,0.0,3.0
372cd2c1-2864-572c-cee4-cbefc3792353,1,0.7369273484497918,32,6,4.0,2.0
37448252-4541-3c99-ee0c-0dd710d1548d,0,0.523600185099491,38,2,0.0,2.0
37488afc-4a5b-7123-3f01-2997b7e81c24,1,0.8741323461360482,63,2,4.0,5.0
37553454-1e58-57fa-b499-4d3edfe18939,0,0.477788061082832,25,8,5.0,4.0
375862e5-7715-406e-ec0c-0dd710d1548d,0,0.8211476168440537,38,2,0.0,0.0
3778d245-7678-3b46-1d01-2997b7e81c24,0,0.5349375289217955,71,2,4.0,0.0
37963324-6bb3-1a8a-a72a-acc8fc2f00af,1,0.5886163813049514,94,9,2.0,0.0
37d78a74-19e0-1a5b-db99-4d3edfe18939,0,0.8359555761221656,46,2,0.0,3.5
37e03536-27ad-6a26-63de-835209209de0,0,0.7591392873669598,29,2,0.0,0.0
38075687-6ced-5657-6ede-835209209de0,1,0.7362332253586302,60,2,2.5,0.0
3817d4a4-5223-78ff-2cb6-aae5d250830a,1,0.46783896344285053,93,9,2.5,0.0
381a8a52-4a36-4bf0-e7c1-8e252c39bb73,1,0.549514113836187,35,2,1.0,0.0
381c645b-5faf-335d-4329-0204eeb736fa,1,0.46830171217029154,23,4,0.0,6.0
3846711e-122f-3b6f-bd2a-acc8fc2f00af,1,0.7489588153632577,63,2,0.0,5.5
385d16f8-34d4-11c6-fd0c-0dd710d1548d,1,0.4909763998149005,56,2,0.0,2.0
38628266-2724-2583-ee99-4d3edfe18939,0,0.478713558537714,74,38,1.0,1.0
38aa388d-1a61-3c4b-f70c-0dd710d1548d,1,0.4900509023600185,31,24,6.0,0.0
38b07a03-66d7-74a6-b475-2a7ae1c799c8,1,0.49537251272559,85,2,2.0,0.0
38b09e24-578e-1414-47b6-aae5d250830a,1,0.8535400277649237,27,2,0.0,0.0
38ba702e-4b3c-7d70-5a29-0204eeb736fa,1,0.48611753817677,33,2,4.5,1.0
38c7fa55-7634-70a4-c975-2a7ae1c799c8,0,0.5340120314669135,25,2,4.333333333333333,0.0
38cc2d7a-2b31-1ce7-07b6-aae5d250830a,0,0.5654789449329014,85,2,0.0,2.0
38e40a68-702f-76d7-4f01-2997b7e81c24,0,0.5816751503933364,45,2,4.5,0.0
392a1e42-58a2-2b5a-32b6-aae5d250830a,1,0.7075428042572883,38,2,0.0,2.3333333333333335
3959a874-6a40-246f-9a29-0204eeb736fa,0,0.8688107357704766,40,3,0.0,2.0
398df04a-722d-25d8-7329-0204eeb736fa,1,0.7253586302637668,68,2,0.0,0.0
398ec1d5-3c51-7d32-e62a-acc8fc2f00af,1,0.999074502545118,92,6,1.0,5.0
3995737b-61e8-48f4-1cb6-aae5d250830a,1,0.6057380842202684,16,8,0.0,5.0
39967c6a-378c-1844-45b6-aae5d250830a,1,0.510180472003702,73,2,0.0,0.0
39bcc42a-41e8-56e3-adc1-8e252c39bb73,1,0.46853308653401204,10,2,0.0,6.0
39c11832-62bb-6037-ffe4-cbefc3792353,1,0.5414160111059695,57,2,0.0,2.0
3a059606-6b9b-251d-4829-0204eeb736fa,0,0.7977788061082832,8,2,2.6666666666666665,0.0
3a2d7bab-43d0-5ec1-e1e4-cbefc3792353,1,0.6534012031466914,57,3,0.0,0.0
3a36178d-5fe5-4acd-9329-0204eeb736fa,1,0.7547431744562703,47,2,0.0,0.5
3a4c936c-3fdc-2b99-8f2a-acc8fc2f00af,0,0.5363257751041185,12,4,0.0,4.0
3a84bbea-31a8-6c0d-c42a-acc8fc2f00af,1,0.9088385006941231,48,2,2.5,4.5
3a8fa225-4384-7b0b-7e29-0204eeb736fa,1,0.8607126330402591,44,2,0.0,3.0
3ab41d87-6648-7279-71de-835209209de0,1,0.8741323461360482,30,2,5.0,6.0
3ab485bc-3a2a-19a6-e3c1-8e252c39bb73,0,0.6149930587690884,34,3,3.5,4.5
3ac07f71-2a4f-7b22-0801-2997b7e81c24,0,0.8380379453956501,27,8,0.0,0.0
3acc592e-4c3c-211a-6729-0204eeb736fa,0,0.8503007866728366,5,2,3.0,0.0
3ae15dde-1b70-559f-2e01-2997b7e81c24,1,0.6221656640444239,58,4,3.0,0.0
3af77e52-51e1-5730-a82a-acc8fc2f00af,1,0.5215178158260064,24,2,0.0,5.0
3b4dfb92-4df0-335b-ca0c-0dd710d1548d,1,0.4881999074502545,73,2,0.0,0.0
3b572f28-195a-18fb-b6e4-cbefc3792353,0,0.9329014345210551,72,2,4.0,5.0
3b57e252-4ad1-7aad-b5e4-cbefc3792353,1,0.6341971309578899,56,2,2.0,0.0
3b82d534-3f90-28b8-cb0c-0dd710d1548d,1,0.488431281813975,48,2,2.5,0.0
3b9b4854-7b4f-395f-d799-4d3edfe18939,1,0.4807959278111985,75,2,0.0,0.0
3ba4175b-37a3-26fe-d599-4d3edfe18939,0,0.565710319296622,45,3,0.0,0.0
3bacb36e-66de-6571-7b29-0204eeb736fa,0,0.46876446089773255,33,2,2.5,3.5
3bc7a27e-2752-6afb-5929-0204eeb736fa,1,0.8947246645071726,54,2,0.0,0.0
3bf71bf8-6ea3-2b3a-6bde-835209209de0,0,0.9460897732531236,87,39,5.0,3.0
3c02770f-4f98-30ce-b599-4d3edfe18939,1,0.6376677464136974,95,2,0.0,5.0
3c87df24-7be1-5bcf-ff99-4d3edfe18939,1,0.9322073114298935,25,2,0.0,0.0
3cec78fa-6dbf-7f8c-bcc1-8e252c39bb73,1,0.939379916705229,82,2,6.0,0.0
3d00e48e-3bd6-18f1-d0c1-8e252c39bb73,0,0.4919018972697825,97,2,5.0,4.0
3d1e996a-4f87-6011-3e01-2997b7e81c24,1,0.8489125404905137,91,2,0.0,0.0
3d20179e-28a6-203d-c5c1-8e252c39bb73,1,0.8722813512262841,4,2,0.0,0.0
3d5f1ddf-12b4-6d91-40b6-aae5d250830a,0,0.6540953262378528,64,40,2.0,0.0
3d9f943c-13ab-6f79-a375-2a7ae1c799c8,1,0.8519204072188802,30,41,0.0,3.0
3dbfa8c7-1edc-55bd-952a-acc8fc2f00af,1,0.5469689958352615,56,4,4.0,0.0
3df419ba-3d9c-202e-ba2a-acc8fc2f00af,0,0.6180009254974549,7,9,5.5,0.0
3e01f2b3-1e3f-419b-0e0d-0dd710d1548d,0,0.5925497454881999,21,2,6.0,5.0
3e0a6ff9-761c-7896-ca99-4d3edfe18939,0,0.7616844053678853,45,0,0.0,2.0
3e128bcd-6f37-235d-c40c-0dd710d1548d,0,0.5735770476631189,58,2,0.0,0.0
3e1392e6-1a01-4eda-eec1-8e252c39bb73,1,0.7394724664507173,65,2,0.0,0.0
3e215306-6cea-7d33-b7e4-cbefc3792353,0,0.46876446089773255,22,2,3.0,0.0
3e5e1f42-7bbf-6d88-d2c1-8e252c39bb73,1,0.8361869504858862,19,2,0.0,2.25
3e7c19eb-6b23-5c84-f3c1-8e252c39bb73,0,0.7140212864414622,82,2,1.0,0.0
3eacbd02-6a01-2df3-6f29-0204eeb736fa,0,0.9257288292457195,80,2,6.0,0.0
3ed0980a-4eda-7ecd-af2a-acc8fc2f00af,1,0.9435446552521981,35,4,0.0,0.0
3ed1f1f7-451c-278c-c175-2a7ae1c799c8,0,0.7468764460897732,12,2,2.0,1.5
3eee5262-1f5e-4e18-ec99-4d3edfe18939,1,0.8014807959278112,45,2,1.0,2.5
3ef48801-7d93-3dc5-33b6-aae5d250830a,0,0.9035168903285516,75,9,0.0,6.0
3f2bc50b-73ea-2386-d50c-0dd710d1548d,1,0.47686256362795004,67,2,4.0,0.0
3f8b309d-5906-44f3-1f01-2997b7e81c24,1,0.6795465062471078,93,1,0.0,0.0
404cbd77-6316-4dc6-190d-0dd710d1548d,1,0.7852845904673762,28,2,3.0,1.0
4070411e-51bd-1bf2-c2e4-cbefc3792353,1,0.8634891254049052,71,4,1.0,2.5
40826cc4-7488-3c43-9c29-0204eeb736fa,1,0.8260064784821842,52,2,5.0,6.0
40b07f74-5c2d-7d5b-d62a-acc8fc2f00af,1,0.7716335030078667,21,42,2.0,0.0
40bf870e-4bc3-2f45-c80c-0dd710d1548d,1,0.912540490513651,49,2,0.0,0.0
40d5c432-1220-35da-e2c1-8e252c39bb73,1,0.49537251272559,7,43,2.5,5.0
40dfe8cf-478f-44ac-e075-2a7ae1c799c8,1,0.8572420175844516,6,9,3.0,5.0
41100c36-6f60-1f39-5829-0204eeb736fa,0,0.5941693660342434,93,9,1.0,2.0
411a0b85-5a80-6860-2ab6-aae5d250830a,0,0.49051365108745953,23,2,4.0,6.0
41370d44-4bb1-4cbe-d6c1-8e252c39bb73,1,0.5883850069412309,21,8,2.0,3.5
4139ff7c-2f8b-566f-02b6-aae5d250830a,0,0.7457195742711707,92,9,1.0,0.0
415bd0f9-3d78-20fe-1d0d-0dd710d1548d,1,0.7524294308190652,6,2,0.0,0.0
41640f81-3cca-712c-c599-4d3edfe18939,1,0.499537251272559,95,2,3.0,6.0
416dfc79-229e-3e6b-48b6-aae5d250830a,1,0.5830633965756594,68,2,0.0,3.0
416f5617-4582-4c00-fae4-cbefc3792353,1,0.478713558537714,9,0,0.0,0.0
417ca6e2-1840-20f2-862a-acc8fc2f00af,1,0.984266543267006,95,2,2.5,0.0
4184460a-6517-6028-d175-2a7ae1c799c8,1,0.46783896344285053,43,2,0.0,0.0
419176f4-7d51-2e51-fd75-2a7ae1c799c8,1,0.7505784359093013,17,2,0.0,2.0
41a213d3-5867-78dc-4501-2997b7e81c24,0,0.48519204072188804,35,9,0.0,4.0
41ecce91-113a-58cb-11e5-cbefc3792353,1,0.9421564090698751,81,2,1.0,2.0
421244cb-3988-2d52-08b6-aae5d250830a,0,0.7077741786210088,72,2,4.5,0.0
421dee09-1777-4a95-fb75-2a7ae1c799c8,1,0.8301712170291532,55,6,0.0,1.0
421e2782-45f7-4711-4729-0204eeb736fa,1,0.9268857010643221,5,2,0.0,0.0
42353445-4e49-5395-6429-0204eeb736fa,1,0.46922720962517356,67,6,2.5,2.0
425248ab-4423-514a-8cde-835209209de0,1,0.6399814900509023,63,0,4.0,0.0
4266ae19-74ce-6844-c62a-acc8fc2f00af,1,0.6110596945858399,34,24,3.5,3.0
4267deae-50c6-6432-edc1-8e252c39bb73,1,0.46922720962517356,5,34,0.0,2.3333333333333335
427b1814-60ed-47cf-edb5-aae5d250830a,0,0.7642295233688108,17,2,0.0,1.0
429063ff-5399-1228-f40c-0dd710d1548d,1,0.9382230448866266,45,2,0.0,5.5
42a27e4c-1159-5874-5e29-0204eeb736fa,1,0.8165201295696437,12,2,5.0,4.0
42b88681-4205-3bc0-6a29-0204eeb736fa,1,0.6353540027764923,85,2,0.0,5.0
42c8944e-2404-13d3-5401-2997b7e81c24,0,0.4757056918093475,3,2,0.0,3.5
42d62f66-610e-1f31-2cde-835209209de0,0,0.951411383618695,17,2,0.0,0.0
42f2184f-6e71-6569-4db6-aae5d250830a,0,0.6080518278574734,83,44,3.4,2.0
42f66244-3cbf-7e5b-4d01-2997b7e81c24,1,0.980101804720037,79,2,0.0,0.0
43162022-43b5-2856-cde4-cbefc3792353,0,0.7998611753817677,34,2,4.5,5.0
431f89fe-7885-6c22-ee75-2a7ae1c799c8,0,0.6737621471540953,1,2,2.75,4.0
43441467-67e7-4926-d3e4-cbefc3792353,0,0.46807033780657104,43,4,0.0,1.0
4379274d-1897-4061-00e5-cbefc3792353,0,0.6786210087922259,59,1,0.0,4.0
438f4c93-5a8b-1be2-dec1-8e252c39bb73,0,0.5684868116612679,96,2,4.0,0.0
43a8d505-6af9-6f0c-11b6-aae5d250830a,1,0.6534012031466914,88,8,6.0,0.0
43b4e5b4-5831-2753-ca75-2a7ae1c799c8,0,0.6080518278574734,70,2,3.5,5.0
43c4a53f-6fa0-46cc-e3e4-cbefc3792353,1,0.8465987968533086,93,45,0.0,5.0
43dc1af5-19ff-27e0-f999-4d3edfe18939,0,0.5791300323924109,87,2,0.0,5.0
441d6266-4631-7fbc-42de-835209209de0,1,0.48773715872281354,10,2,0.0,1.0
446dc04e-52cf-7523-1a0d-0dd710d1548d,0,0.4696899583526145,34,2,0.0,0.0
44b37cd4-36f8-4c5b-abc1-8e252c39bb73,0,0.46807033780657104,8,2,0.0,2.0
44d0939b-377b-4120-05b6-aae5d250830a,1,0.8778343359555761,15,2,0.0,0.0
44f64344-6336-3445-050d-0dd710d1548d,1,0.9585839888940305,0,2,3.5,2.0
44f99fde-6392-6331-c9e4-cbefc3792353,1,0.469921332716335,25,4,5.0,2.0
450eb5af-2dfb-1441-100d-0dd710d1548d,1,0.6383618695048588,46,2,0.0,0.0
45222020-3cd3-7bbd-ed0c-0dd710d1548d,0,0.7677001388246182,19,2,0.0,5.0
4546c25d-53b9-2c07-c2c1-8e252c39bb73,1,0.6427579824155484,33,0,4.0,6.0
45b3d25e-5546-45e9-0d01-2997b7e81c24,1,0.506015733456733,48,46,0.0,0.0
45be9be0-1646-5c7f-a975-2a7ae1c799c8,1,0.6473854696899584,31,2,1.0,2.0
45e0aceb-5e51-30c4-8229-0204eeb736fa,1,0.5629338269319759,26,2,0.0,0.0
4615b76a-60f6-5a74-57de-835209209de0,0,0.5622397038408145,84,2,2.0,2.0
4620e6d7-264a-7f7c-bec1-8e252c39bb73,0,0.9578898658028691,65,2,5.0,0.0
4623246e-5155-65e9-be75-2a7ae1c799c8,0,0.8898658028690422,7,2,2.5,1.5
46278b27-31ca-4bac-bb75-2a7ae1c799c8,0,0.9849606663581675,49,9,4.666666666666667,2.6666666666666665
46383b54-36fe-7d33-39de-835209209de0,1,0.472697825080981,61,9,0.0,0.0
46575f14-525b-6649-49b6-aae5d250830a,0,0.6200832947709394,4,2,3.0,4.5
465bef99-412e-1d91-e9c1-8e252c39bb73,1,0.46922720962517356,51,2,6.0,1.0
4670b40b-7c68-40b2-f2b5-aae5d250830a,1,0.5460434983803795,48,6,0.0,1.5
4680824f-3bc9-769c-d099-4d3edfe18939,0,0.6816288755205924,88,8,3.0,5.0
46815ca4-24d6-4431-a32a-acc8fc2f00af,1,0.6048125867653864,15,2,0.0,5.0
46e95381-3851-1286-c299-4d3edfe18939,0,0.516658954187876,45,47,0.0,3.0
46f4da7c-6ce6-4ad5-f7b5-aae5d250830a,0,0.7690883850069412,24,1,2.0,3.0
4762b11e-2543-66d7-fe99-4d3edfe18939,0,0.8664969921332716,11,2,0.0,4.5
477e3454-60eb-4210-56de-835209209de0,1,0.482878297084683,24,2,2.5,0.0
47aaa148-48fb-72d1-9e2a-acc8fc2f00af,0,0.9319759370661731,56,2,1.0,0.0
47b1e390-38d7-7217-f60c-0dd710d1548d,1,0.6378991207774178,84,2,0.0,0.0
47ea7d5b-4995-7764-dc2a-acc8fc2f00af,0,0.5587690883850069,78,2,0.0,5.0
4809d6a3-566d-1506-41de-835209209de0,1,0.46876446089773255,44,2,2.0,0.0
48331f77-3531-5f64-cc75-2a7ae1c799c8,0,0.9148542341508561,56,0,0.0,2.6666666666666665
487befbc-7c2a-3ac3-872a-acc8fc2f00af,1,0.8364183248496067,14,2,0.0,5.0
48977a0b-1b99-348c-8d29-0204eeb736fa,1,0.5196668209162425,97,2,0.0,0.0
490a8d20-4107-5387-00b6-aae5d250830a,0,0.9162424803331791,88,2,2.5,3.0
4913c908-604d-1e34-f90c-0dd710d1548d,1,0.475474317445627,61,2,0.0,3.0
491423ed-1686-67f5-b799-4d3edfe18939,1,0.906524757056918,55,2,3.0,3.0
492e5de6-2d6f-1574-4629-0204eeb736fa,0,0.7415548357242018,83,2,2.0,4.0
494e5667-6b35-2325-9429-0204eeb736fa,0,0.46899583526145305,94,8,0.0,0.0
49559030-12d5-408e-ab2a-acc8fc2f00af,1,0.6758445164275798,5,3,0.0,5.0
496c57df-57c8-23e3-15b6-aae5d250830a,0,0.9817214252660805,93,2,0.0,4.0
497c34c4-2803-7cfe-2a01-2997b7e81c24,1,0.9914391485423415,1,9,1.0,0.0
499e4ecf-4353-6721-0e01-2997b7e81c24,1,0.7378528459046738,20,2,4.0,1.3333333333333333
49d6c719-7ac4-24d9-ed99-4d3edfe18939,1,0.5770476631189264,2,2,0.0,3.0
49e5819e-6e25-78cd-7929-0204eeb736fa,0,0.7827394724664507,84,2,1.5,3.0
49fa63c9-3e43-7f27-1301-2997b7e81c24,1,0.982415548357242,39,2,2.3333333333333335,6.0
49fda749-12e2-78fb-2eb6-aae5d250830a,1,0.582369273484498,29,1,1.5,0.0
4a087690-1a4d-33d5-50de-835209209de0,0,0.48149005090236,51,2,3.5,4.0
4a190a6b-1a15-5f5d-1801-2997b7e81c24,1,0.6807033780657104,94,2,0.0,0.0
4a37fcd2-12c9-301b-a399-4d3edfe18939,1,0.5805182785747339,61,2,1.0,1.0
4a92a27a-62ac-1824-ff75-2a7ae1c799c8,1,0.482878297084683,6,26,6.0,6.0
4aba35f3-3c7d-557e-e175-2a7ae1c799c8,0,0.5460434983803795,70,2,0.0,4.0
4aecc8b0-7071-3081-c60c-0dd710d1548d,0,0.8010180472003702,55,2,3.0,4.5
4b2dbd2d-3657-39d8-e4c1-8e252c39bb73,1,0.8831559463211476,48,2,3.0,4.0
4ba90f65-2935-4bd0-58de-835209209de0,0,0.9965293845441925,2,2,3.5,3.0
4bc80c9a-4d9b-7fc6-d22a-acc8fc2f00af,1,0.8100416473854697,56,0,0.0,0.0
4bcc5a58-74ed-34ff-f30c-0dd710d1548d,1,0.8998149005090236,14,2,3.5,0.0
4bd4218c-7e6f-267d-f4c1-8e252c39bb73,1,0.945858398889403,74,2,0.0,3.0
4bdfa5fa-7a93-40fa-e675-2a7ae1c799c8,1,0.7383155946321147,92,2,0.0,0.0
4bfcf0de-3a0d-77df-03c2-8e252c39bb73,1,0.4780194354465525,85,1,0.0,6.0
4c06e440-6942-4221-b3e4-cbefc3792353,0,0.6894956038870893,75,3,2.6666666666666665,4.0
4c179904-3d0c-5cf9-ce99-4d3edfe18939,1,0.7866728366496992,75,2,0.0,0.0
4c2ba705-460c-67ec-ce2a-acc8fc2f00af,1,0.7649236464599722,70,2,0.0,0.0
4c3efd72-1d63-70bc-a62a-acc8fc2f00af,1,0.493984266543267,75,2,3.0,4.0
4c79fa4a-1517-3e66-5629-0204eeb736fa,1,0.6712170291531698,53,0,0.0,0.0
4c97433c-7ae5-4a7a-a92a-acc8fc2f00af,1,0.6952799629801018,19,2,0.0,2.0
4c9915e4-1bca-3cac-140d-0dd710d1548d,1,0.987968533086534,26,2,0.0,0.0
4cc0b2ae-2b39-7ae6-b875-2a7ae1c799c8,1,0.6561776955113373,61,3,5.0,0.0
4d10994b-21c4-3624-e875-2a7ae1c799c8,1,0.5876908838500694,71,2,4.0,4.0
4d2f0014-1117-6581-b199-4d3edfe18939,0,0.587459509486349,76,2,2.5,4.0
4d68293a-6bbe-2ded-bb2a-acc8fc2f00af,0,0.9012031466913466,59,6,0.0,0.0
4d739d6a-54c3-441f-000d-0dd710d1548d,0,0.9197130957889866,29,0,0.0,3.0
4d769b8b-5093-1316-4fb6-aae5d250830a,0,0.993521517815826,96,4,3.6666666666666665,0.0
4d79b6cb-6e6c-245b-4229-0204eeb736fa,1,0.8389634428505321,22,2,0.0,2.0
4dae3c39-36fc-3e3c-15e5-cbefc3792353,0,0.8590930124942157,80,2,0.0,3.3333333333333335
4dbebb73-3bff-5ebf-f6b5-aae5d250830a,1,0.93521517815826,1,2,4.0,0.0
4ddef077-112a-710f-b0c1-8e252c39bb73,1,0.8280888477556687,73,2,5.0,3.0
4de1401c-596e-79eb-c575-2a7ae1c799c8,1,0.5754280425728829,19,2,0.0,2.5
4de4d5d2-2caa-50f5-7229-0204eeb736fa,0,0.917167977788061,85,9,2.0,0.0
4de9d2e3-2cdc-20f9-dd99-4d3edfe18939,1,0.4895881536325775,95,2,2.0,0.0
4deb7bab-1210-21a4-bae4-cbefc3792353,1,0.8593243868579361,2,9,3.0,1.6666666666666667
4dfa90d6-7537-6035-ca2a-acc8fc2f00af,0,0.5865340120314669,64,8,0.0,1.0
4dfd6e08-4606-315c-6501-2997b7e81c24,0,0.6927348449791763,67,1,2.0,0.0
4e3e35b4-12c8-4aa3-dc99-4d3edfe18939,1,0.6661267931513188,64,4,4.0,6.0
4e3fca31-7019-4c42-cb75-2a7ae1c799c8,1,0.5245256825543729,26,2,4.0,0.0
4e42410f-79ba-276f-0ce5-cbefc3792353,0,0.5990282276723738,48,2,0.0,1.0
4e54c790-5744-2b31-c3c1-8e252c39bb73,0,0.6330402591392874,6,3,0.0,0.0
4e5dc916-3781-6bed-cd75-2a7ae1c799c8,1,0.8435909301249421,55,15,3.0,4.5
4e615560-72ad-45f0-d7e4-cbefc3792353,1,0.8829245719574271,15,48,1.0,0.0
4e6a279b-74a6-23e9-cfe4-cbefc3792353,0,0.6992133271633503,38,0,2.5,1.25
4e82c626-337b-73f4-3d01-2997b7e81c24,1,0.956038870893105,17,2,0.0,4.0
4e96c84a-2f05-44c3-f5b5-aae5d250830a,1,0.4863489125404905,89,2,2.0,2.0
4ebbcbc6-6c6e-6238-bfe4-cbefc3792353,0,0.7688570106432208,71,2,3.0,4.0
4ebf6ed6-7fae-7c5d-f375-2a7ae1c799c8,1,0.7547431744562703,84,2,4.666666666666667,4.0
4ec0d156-40b7-139d-fbe4-cbefc3792353,1,0.8398889403054142,75,2,0.0,0.0
4ee0b2e1-6e22-2c1e-a199-4d3edfe18939,1,0.5782045349375289,67,49,0.0,0.0
4eeab925-2316-7b18-d6e4-cbefc3792353,1,0.8678852383155946,45,2,6.0,2.0
4ef42792-4d27-23d2-9b99-4d3edfe18939,1,0.4858861638130495,44,6,4.0,0.0
4f0949a9-4e0f-2b61-5b29-0204eeb736fa,1,0.4724664507172605,65,2,0.0,0.0
4f2779e1-5850-1e98-fb0c-0dd710d1548d,1,0.4817214252660805,36,2,5.0,0.0
4f3dc6a9-1d4e-4d1e-0db6-aae5d250830a,1,0.525451180009255,64,2,4.0,0.0
4f3f47ec-7e27-34ec-ea0c-0dd710d1548d,1,0.6309578898658029,47,3,1.5,3.0
4f569fe4-2ebd-1e62-cd99-4d3edfe18939,1,0.5624710782045349,68,2,2.6666666666666665,2.0
4f73f7ad-5aca-13d7-9e29-0204eeb736fa,1,0.7029153169828783,55,2,2.0,3.3333333333333335
4f816381-30f5-412b-48de-835209209de0,1,0.5043961129106895,69,2,1.0,0.0
4f8966b3-62fb-1a8f-68de-835209209de0,1,0.9097639981490051,74,9,4.0,2.5
4f9cb3d3-453f-2911-cd0c-0dd710d1548d,1,0.6416011105969459,93,21,1.0,0.0
4fc85d27-1f95-1c72-060d-0dd710d1548d,1,0.985192040721888,37,1,3.0,4.0
4fda9e46-55ab-15a9-c4e4-cbefc3792353,1,0.521749190189727,68,2,0.0,4.0
4feec2c6-36b8-2c68-5cde-835209209de0,1,0.4997686256362795,4,2,2.0,0.0
4ffd121d-78c7-5e71-61de-835209209de0,1,0.973623322535863,79,2,2.5,5.0
500d846e-5a53-118a-dbc1-8e252c39bb73,1,0.9465525219805645,28,50,0.0,3.0
5010414d-20fe-565c-20b6-aae5d250830a,0,0.6024988431281814,97,8,2.0,0.0
501f70ee-3e02-6c0d-e299-4d3edfe18939,1,0.6112910689495604,27,8,0.0,6.0
5045205b-7274-6bef-f299-4d3edfe18939,1,0.9583526145303101,82,1,0.0,1.0
504edd8c-756b-26b7-c7c1-8e252c39bb73,0,0.6247107820453494,35,2,0.0,0.0
504ee81c-171e-724f-dd0c-0dd710d1548d,1,0.6369736233225358,82,2,6.0,2.0
50560a90-38fa-3c37-e40c-0dd710d1548d,0,0.47084683017121703,21,9,3.6666666666666665,0.0
507a381d-267b-4e14-d60c-0dd710d1548d,1,0.469458583988894,26,2,0.0,1.0
50990630-1ed7-323b-3ab6-aae5d250830a,1,0.5990282276723738,6,45,0.0,2.5
50a57f9b-5cd0-4e34-4129-0204eeb736fa,0,0.9442387783433596,6,4,2.5,6.0
50fa553a-4f1b-7d56-0ae5-cbefc3792353,0,0.6721425266080518,32,8,3.0,0.0
511513ea-2a42-538b-6601-2997b7e81c24,1,0.7151781582600648,17,9,0.0,5.0
514d26b3-3bcf-43d2-6ade-835209209de0,1,0.521749190189727,60,2,2.3333333333333335,2.5
516cd2de-40ff-383c-c675-2a7ae1c799c8,1,0.47130957889865804,71,2,0.0,4.0
51bf90cb-53bf-21af-4a29-0204eeb736fa,1,0.7440999537251273,17,6,4.0,6.0
51dc4120-17f5-2cfb-f0b5-aae5d250830a,0,0.8535400277649237,67,2,5.0,3.0
51e36148-47d9-51fb-6c29-0204eeb736fa,0,0.8431281813975011,74,2,6.0,5.0
5201f19a-617c-6974-a899-4d3edfe18939,1,0.46922720962517356,65,4,0.0,6.0
52048bac-7da3-2c66-b775-2a7ae1c799c8,0,0.9743174456270245,98,2,5.0,0.0
5213ce0a-7f59-7968-4ede-835209209de0,0,0.475937066173068,40,2,0.0,3.0
52382ddb-4fbc-3557-41b6-aae5d250830a,1,0.6577973160573808,91,31,4.0,1.0
523f2838-7896-2c11-22b6-aae5d250830a,0,0.955113373438223,97,14,0.0,5.0
52891787-5da8-1683-2fb6-aae5d250830a,1,0.99537251272559,28,2,0.0,1.75
52929e57-39cf-68fb-e42a-acc8fc2f00af,1,0.8426654326700601,20,2,6.0,0.5
52a2b709-3d8f-6648-16b6-aae5d250830a,0,0.6559463211476169,45,2,3.0,3.6666666666666665
52a7a55b-1321-1d29-aa99-4d3edfe18939,1,0.9669134659879686,36,2,3.3333333333333335,0.0
52c08c82-1a91-5bce-e9e4-cbefc3792353,0,0.7142526608051828,13,25,0.0,0.0
52d3863b-481b-44b7-1601-2997b7e81c24,0,0.975937066173068,55,6,3.25,0.0
52dc05fd-1176-3dee-5029-0204eeb736fa,1,0.5502082369273484,60,3,0.0,1.0
5308310c-6442-7d7b-2301-2997b7e81c24,0,0.5994909763998149,54,2,3.5,1.5
532f4f17-3680-71a2-d199-4d3edfe18939,1,0.9280425728829246,74,2,0.0,1.0
533dbe10-241c-65c8-5dde-835209209de0,1,0.46830171217029154,64,2,0.0,2.0
535c0d44-76f2-1e11-932a-acc8fc2f00af,1,0.4747801943544655,11,2,2.0,2.0
536031e9-460c-41b1-160d-0dd710d1548d,1,0.957427117075428,68,2,3.0,0.0
5377db31-6fb2-3491-f3b5-aae5d250830a,1,0.7399352151781583,77,9,0.0,1.0
537f1d22-1428-3a5a-0701-2997b7e81c24,1,0.8526145303100416,0,2,4.0,0.0
53a6677e-7cc0-4715-ffb5-aae5d250830a,0,0.8181397501156872,71,2,3.0,0.0
53eea7c8-59ae-6d43-c4c1-8e252c39bb73,0,0.6920407218880148,46,2,0.0,0.0
541e53ba-3eb1-6efc-5801-2997b7e81c24,1,0.6378991207774178,54,2,0.0,0.0
546921bb-7bd3-5706-4b01-2997b7e81c24,0,0.7628412771864878,91,3,0.0,0.0
54a776d7-3741-355b-e6e4-cbefc3792353,0,0.503239241092087,50,26,0.0,4.0
54b4739a-2ddd-77f0-882a-acc8fc2f00af,1,0.7718648773715873,58,2,4.0,3.0
54c97678-12c2-3efa-1501-2997b7e81c24,0,0.6811661267931514,25,2,0.0,0.0
54dad1df-6224-3769-46b6-aae5d250830a,1,0.961591855622397,49,2,0.0,0.0
55068fee-1a3b-6ee9-2dde-835209209de0,1,0.5386395187413234,49,2,1.5,0.0
5517242d-7c4c-3b29-04e5-cbefc3792353,1,0.46876446089773255,8,51,5.0,2.0
5523facd-21ef-4371-e70c-0dd710d1548d,1,0.521286441462286,16,9,2.5,1.0
552dbd78-3899-12e0-7fde-835209209de0,0,0.8000925497454882,85,52,0.0,3.0
55812338-6766-614c-44b6-aae5d250830a,1,0.6712170291531698,68,8,4.0,5.0
5597ed6b-5719-246c-c099-4d3edfe18939,0,0.934752429430819,93,2,1.6666666666666667,4.0
559daf20-492c-1b92-7dde-835209209de0,0,0.5937066173068024,64,2,4.0,5.0
55a6f475-1369-72c8-4fde-835209209de0,0,0.526376677464137,96,2,6.0,0.0
55e3a1f6-34d6-16a4-8e29-0204eeb736fa,0,0.8597871355853771,59,0,1.0,0.0
560ce22f-179d-531e-cf75-2a7ae1c799c8,1,0.49583526145303103,95,2,2.0,2.0
561ddd88-2867-1d6e-ba75-2a7ae1c799c8,1,0.7420175844516428,29,2,0.0,0.0
564544e1-73d0-7cfd-da75-2a7ae1c799c8,0,0.48241554835724204,16,6,0.0,1.0
5645ff7a-6760-5139-6401-2997b7e81c24,1,0.9049051365108746,65,8,1.0,2.0
56566730-4251-27af-2601-2997b7e81c24,1,0.950948634891254,30,2,0.0,3.0
56681385-385f-5cb0-3401-2997b7e81c24,0,0.4956038870893105,48,2,0.0,2.0
5668ac39-1e80-641d-e80c-0dd710d1548d,0,0.46830171217029154,55,2,0.0,0.0
56802974-1c4a-47ed-6cde-835209209de0,0,0.9088385006941231,42,24,0.0,0.0
5689a9c9-34f6-401e-9f99-4d3edfe18939,0,0.488894030541416,93,2,0.0,5.0
56c372f0-5c40-3ed0-8a29-0204eeb736fa,1,0.971309578898658,73,2,5.0,1.0
56e8ec7e-1ccb-5768-040d-0dd710d1548d,1,0.5950948634891254,37,6,2.0,5.0
5712bbe2-5d36-269a-4029-0204eeb736fa,0,0.8239241092086996,8,8,0.0,0.0
5725226c-3f0b-1245-b32a-acc8fc2f00af,1,0.6177695511337343,52,2,0.0,6.0
57338f16-6a21-3422-bd75-2a7ae1c799c8,1,0.7170291531698287,67,2,2.5,0.0
573e1b5b-5dc7-6445-b12a-acc8fc2f00af,0,0.570800555298473,48,2,0.0,4.0
5740359d-2ff3-14c1-2c01-2997b7e81c24,0,0.972697825080981,58,2,3.5,0.0
574d76a8-73ed-21c9-d899-4d3edfe18939,1,0.4826469227209625,78,2,0.0,3.0
575358a9-7355-13e6-4d29-0204eeb736fa,0,0.9086071263304026,57,1,4.5,1.0
57567d56-41c4-50b0-ef0c-0dd710d1548d,1,0.9507172605275336,14,2,0.0,4.0
575aaeef-2e35-401c-080d-0dd710d1548d,1,0.9324386857936141,67,6,2.0,5.0
575b2374-6a7b-394c-feb5-aae5d250830a,0,0.6603424340583064,43,2,0.0,0.0
575c3ed7-28a4-7f0e-f00c-0dd710d1548d,1,0.519898195279963,50,9,2.0,3.5
576f1222-4952-1769-e275-2a7ae1c799c8,0,0.9430819065247571,15,9,5.0,4.0
57a90a91-1549-45f9-b8c1-8e252c39bb73,0,0.6230911614993059,26,2,1.0,0.0
57b1e009-29e3-7b96-26b6-aae5d250830a,0,0.5233688107357705,5,8,0.0,5.0
57bb6657-794f-1158-bbe4-cbefc3792353,1,0.9030541416011106,55,2,3.0,0.0
57ed00dd-5ae3-4830-8c29-0204eeb736fa,0,0.4701527070800555,81,10,2.6,0.0
581acb81-3396-6e16-bbc1-8e252c39bb73,1,0.8711244794076817,82,2,2.0,0.0
58301447-5151-52a8-5ede-835209209de0,0,0.7031466913465988,28,2,0.0,3.0
583d9932-60b4-4e9e-f975-2a7ae1c799c8,0,0.5229060620083295,97,2,3.0,4.0
58624acf-351f-1612-37b6-aae5d250830a,1,0.906524757056918,15,1,0.0,6.0
587f5e72-7b29-4a95-7129-0204eeb736fa,1,0.6478482184173994,13,4,2.0,2.6666666666666665
58a13743-2405-18cf-8029-0204eeb736fa,0,0.46807033780657104,20,37,0.0,0.0
58b70763-4a4d-1774-9929-0204eeb736fa,0,0.9046737621471541,80,2,2.0,3.8
58cbbb7e-1b7b-7054-c6c1-8e252c39bb73,0,0.46783896344285053,72,2,5.0,0.0
58da1f7f-7ac0-6c9e-b3c1-8e252c39bb73,0,0.7177232762609903,2,2,0.0,0.0
58eaca6e-558b-3300-d699-4d3edfe18939,1,0.6709856547894494,63,2,3.3333333333333335,0.0
58ef95e6-6866-255c-38de-835209209de0,0,0.7605275335492827,32,8,0.0,1.0
59395500-37db-2f52-79de-835209209de0,1,0.8174456270245257,20,0,0.0,0.0
5939826e-238d-2113-00c2-8e252c39bb73,1,0.46876446089773255,88,2,0.0,5.0
5949949c-61fa-2d7c-cb2a-acc8fc2f00af,0,0.7001388246182323,18,2,2.0,6.0
595bb151-5a3e-19fb-f10c-0dd710d1548d,1,0.8801480795927811,48,2,4.333333333333333,0.0
596c190b-2e12-79c4-a129-0204eeb736fa,0,0.8347987043035632,97,2,3.3333333333333335,4.0
597c06a5-6039-2f7a-5001-2997b7e81c24,0,0.5307727903748265,1,6,1.0,6.0
599cbd12-2b9a-409d-25b6-aae5d250830a,1,0.9433132808884775,99,9,2.0,0.0
59a9521f-4c9e-6ff0-be2a-acc8fc2f00af,1,0.7866728366496992,20,3,6.0,0.0
59b9dd64-23b0-1aa3-ab75-2a7ae1c799c8,0,0.497223507635354,34,24,4.0,1.0
59c20709-2f2e-4c11-019a-4d3edfe18939,0,0.5788986580286904,67,8,0.0,0.0
59def9c5-453b-4d4c-0076-2a7ae1c799c8,0,0.4696899583526145,77,2,4.0,4.0
59f5c451-639b-3790-0cb6-aae5d250830a,1,0.46899583526145305,42,2,5.0,0.0
5a1917f1-71a3-5072-81de-835209209de0,1,0.8255437297547432,81,2,0.0,3.0
5a57b96f-7210-3b3f-e32a-acc8fc2f00af,0,0.7059231837112447,36,2,2.3333333333333335,1.5
5a57f261-64e8-516d-f1e4-cbefc3792353,0,0.46853308653401204,56,2,0.0,0.0
5a645046-7206-3ee0-010d-0dd710d1548d,1,0.4817214252660805,33,2,0.0,0.0
5a645899-2798-579d-c0c1-8e252c39bb73,1,0.9354465525219806,70,2,2.0,1.0
5a908060-2605-58da-d40c-0dd710d1548d,1,0.963442850532161,15,2,0.0,4.666666666666667
5a9f135e-249b-414c-c275-2a7ae1c799c8,1,0.8896344285053216,29,4,3.0,3.0
5aa1d37c-74b5-6b49-c90c-0dd710d1548d,1,0.7188801480795928,28,9,3.0,6.0
5ad3993d-333a-265f-a42a-acc8fc2f00af,0,0.6811661267931514,29,0,4.0,0.0
5ad6e52f-71dc-4801-6d29-0204eeb736fa,1,0.7690883850069412,84,3,3.0,0.0
5ada5db7-3557-7db1-1c0d-0dd710d1548d,0,0.6045812124016658,95,2,0.0,0.0
5b1881e9-541a-62d6-b9c1-8e252c39bb73,0,0.509717723276261,11,2,0.0,2.0
5b2baa3f-1d69-3fc7-e4e4-cbefc3792353,0,0.524062933826932,10,2,2.0,2.0
5b3f9958-464f-558f-b82a-acc8fc2f00af,0,0.8794539565016196,6,2,0.0,5.0
5b66d9c0-33b7-77fc-c499-4d3edfe18939,1,0.5751966682091624,32,2,2.0,0.0
5b83d9d6-115d-695b-c1c1-8e252c39bb73,0,0.6811661267931514,76,4,5.0,0.0
5bb01423-647e-1e24-ebe4-cbefc3792353,1,0.6855622397038408,87,2,3.5,6.0
5bfc3d0d-4a1f-42e6-5729-0204eeb736fa,1,0.5962517353077279,14,25,0.0,1.0
5c13b98b-2e83-6343-bf99-4d3edfe18939,0,0.4895881536325775,90,2,6.0,5.0
5c1b3c7d-47cd-2e6e-2bb6-aae5d250830a,0,0.8081906524757057,79,9,3.0,2.0
5c308661-3eb7-7c46-ae75-2a7ae1c799c8,1,0.895881536325775,30,2,5.0,2.5
5c79bfc3-5210-7b2b-84de-835209209de0,1,0.5488199907450254,51,9,0.0,5.5
5c79e4b5-2e3a-76b2-37de-835209209de0,0,0.9567329939842666,3,2,4.0,0.0
5c93461d-4a84-350c-ec75-2a7ae1c799c8,1,0.6628875520592319,74,3,1.0,0.0
5cb93d66-395b-3ea4-e999-4d3edfe18939,1,0.6473854696899584,32,2,2.6666666666666665,1.0
5cec8696-30b3-71f7-bac1-8e252c39bb73,1,0.9123091161499306,79,2,3.0,0.0
5cf134a0-29d0-388a-a52a-acc8fc2f00af,1,0.8764460897732531,16,2,6.0,0.0
5d15feb8-346d-44d3-14b6-aae5d250830a,1,0.8204534937528922,4,0,0.0,4.0
5d2c7a7f-71d0-48ed-3601-2997b7e81c24,0,0.46830171217029154,11,2,0.0,0.0
5d2e3be5-1c35-7ac0-fcc1-8e252c39bb73,0,0.6839426191577973,78,0,0.0,2.75
5d6f6b09-1ec7-713a-d775-2a7ae1c799c8,1,0.493521517815826,73,2,4.0,0.0
5d7ce142-3905-1f13-b975-2a7ae1c799c8,1,0.488431281813975,42,6,0.0,2.0
5dc7d199-4c79-6d3b-b399-4d3edfe18939,1,0.6360481258676539,46,4,1.0,3.0
5dcebf69-426a-46f6-7d29-0204eeb736fa,1,0.8116612679315132,44,6,0.0,3.0
5dfb7017-6380-6085-fb99-4d3edfe18939,1,0.8354928273947246,64,2,2.3333333333333335,5.0
5e0d10bc-1a60-7f79-6fde-835209209de0,1,0.47107820453493754,77,8,0.0,0.0
5e0da4f1-55ad-5816-ad2a-acc8fc2f00af,1,0.7593706617306802,53,2,0.0,0.0
5e34a51b-3673-42a1-c5e4-cbefc3792353,0,0.6457658491439149,40,4,0.0,4.5
5e4f0f36-1e85-6ff2-8629-0204eeb736fa,0,0.47362332253586303,55,2,4.0,3.0
5ee13199-2d81-6100-d00c-0dd710d1548d,0,0.561082832022212,50,2,0.0,6.0
5eeb1d1c-621a-2fba-8bde-835209209de0,0,0.508792225821379,0,2,4.0,0.0
5f3f5e70-64eb-4100-a999-4d3edfe18939,0,0.46783896344285053,56,2,3.5,5.0
5f52ad04-66b4-2d12-4eb6-aae5d250830a,1,1.0,24,2,3.0,4.666666666666667
5f75c9d4-1577-78ec-5e01-2997b7e81c24,1,0.9645997223507635,93,2,5.0,3.0
5f92bfac-50bb-72ab-51de-835209209de0,0,0.957427117075428,38,2,0.0,1.0
5facdf3c-7871-5573-17e5-cbefc3792353,1,0.8808422026839426,34,2,0.0,2.0
5fbf394e-1b4c-61e8-e799-4d3edfe18939,1,0.5266080518278575,31,2,3.0,0.0
5fc1ef6e-4e35-5390-dc0c-0dd710d1548d,1,0.4844979176307265,77,2,2.0,6.0
601705a8-7a67-4c90-992a-acc8fc2f00af,1,0.8181397501156872,14,0,0.0,0.0
607949ac-79cf-6c4b-1b0d-0dd710d1548d,1,0.8991207774178621,62,2,6.0,0.0
6097cdd5-2ea2-4727-3001-2997b7e81c24,1,0.487968533086534,55,2,3.0,0.0
60b528b8-1e15-4791-a275-2a7ae1c799c8,0,0.8248496066635816,81,2,1.5,3.0
60d864cf-53ce-5c43-df0c-0dd710d1548d,0,0.7228135122628413,73,2,0.0,3.3333333333333335
60f54b9f-629e-5c29-7429-0204eeb736fa,0,0.7503470615455807,91,2,2.5,5.5
6104c327-30b7-31e0-4901-2997b7e81c24,1,0.6950485886163813,50,8,3.0,0.0
61063fbf-215c-2986-82de-835209209de0,1,0.9571957427117076,68,2,3.5,2.0
6118a7ff-742b-25db-a9c1-8e252c39bb73,1,0.5994909763998149,27,2,3.0,4.0
6139ddd8-61c0-125a-1701-2997b7e81c24,0,0.6802406293382693,15,53,3.0,0.0
61cc038b-3ccf-196d-2bde-835209209de0,1,0.5293845441925035,11,4,0.0,0.0
61eb612c-1c8a-4dfe-1401-2997b7e81c24,1,0.7096251735307728,69,6,3.5,0.0
61f8a1e9-2818-1750-f6e4-cbefc3792353,0,0.472697825080981,95,2,5.0,1.5
62317a8e-5409-770b-1101-2997b7e81c24,1,0.7801943544655252,87,2,5.5,0.0
6236ff25-37f6-25f6-ae2a-acc8fc2f00af,0,0.7919944470152707,49,2,4.5,0.0
624572e3-539c-5139-f9b5-aae5d250830a,0,0.8216103655714947,63,2,4.5,0.0
624d2c0d-3a76-1a3e-3ede-835209209de0,1,0.5062471078204535,55,2,2.0,0.0
624e4af2-5801-6c84-e7e4-cbefc3792353,1,0.7385469689958353,10,6,0.0,0.0
6258b8d7-36da-1de9-b275-2a7ae1c799c8,1,0.9150856085145765,51,2,0.0,0.0
6273a182-1ccf-2856-a22a-acc8fc2f00af,1,0.7626099028227672,79,2,2.0,2.0
627fc6d0-5b81-7bb9-60de-835209209de0,1,0.6950485886163813,17,2,0.0,1.5
629ed88b-27b3-15f2-df2a-acc8fc2f00af,1,0.7987043035631652,40,4,0.0,5.0
62a8b8d5-5163-7e95-c72a-acc8fc2f00af,1,0.4803331790837575,31,2,4.0,0.0
62ab2b7e-639d-72ef-1b01-2997b7e81c24,0,0.9106894956038871,80,2,0.0,0.0
62be1358-1d7f-3362-a329-0204eeb736fa,1,0.48472929199444703,40,2,0.0,5.0
62c0157e-18b2-7eb1-e575-2a7ae1c799c8,1,0.6695974086071264,61,2,2.0,6.0
62c4bbad-3a8e-3a61-4701-2997b7e81c24,1,0.5733456732993985,58,2,6.0,4.0
62cf39af-15ff-5dc5-dfe4-cbefc3792353,0,0.548588616381305,11,0,5.5,2.0
62dd8837-16b5-2a38-1a01-2997b7e81c24,0,0.9467838963442851,8,21,0.0,0.0
62e3067f-2ab2-4673-fd99-4d3edfe18939,0,0.7790374826469227,24,2,0.0,5.0
62ec9c08-266e-6a9e-3701-2997b7e81c24,0,0.9109208699676076,34,2,0.0,0.0
630ba355-437b-543f-5129-0204eeb736fa,1,0.9062933826931976,24,4,2.0,0.0
6320df5d-5597-1628-150d-0dd710d1548d,1,0.6402128644146229,5,0,1.0,5.0
636ad636-4bf1-38b2-da2a-acc8fc2f00af,1,0.6348912540490513,19,2,1.0,0.0
636f4d57-69b8-5152-3b01-2997b7e81c24,0,0.6832484960666358,1,2,0.0,0.0
63b310c7-6122-649d-fdb5-aae5d250830a,1,0.5941693660342434,29,2,2.0,3.0
63faedd0-2eb4-181d-d72a-acc8fc2f00af,1,0.6203146691346599,80,2,0.0,2.0
63fcfc22-7982-6aa0-ce0c-0dd710d1548d,0,0.961591855622397,80,2,4.0,0.0
6404cde1-5483-33e2-fc75-2a7ae1c799c8,1,0.9086071263304026,22,4,0.0,4.0
6410ff80-51df-251a-a699-4d3edfe18939,0,0.6707542804257288,60,2,0.0,3.3333333333333335
6422c6b0-556a-7e3f-69de-835209209de0,0,0.501388246182323,9,2,0.0,0.0
643bbbfa-17f4-3102-0a01-2997b7e81c24,1,0.6085145765849144,95,8,3.5,5.0
644b825b-2c8d-6280-b22a-acc8fc2f00af,1,0.6931975937066173,10,6,0.0,1.0
64548be4-6e76-574f-b02a-acc8fc2f00af,1,0.9678389634428506,77,4,4.5,0.0
6461cb97-4d7f-626c-d275-2a7ae1c799c8,0,0.480564553447478,24,2,0.0,3.0
6469a586-5452-548f-8dde-835209209de0,1,0.7885238315594633,2,2,2.0,3.0
64c44c02-7bfd-5844-cf0c-0dd710d1548d,1,0.47963905599259604,70,2,0.0,0.0
64f04d52-48d4-19e5-b62a-acc8fc2f00af,1,0.8910226746876446,52,32,0.0,0.0
652fe051-40d1-5add-170d-0dd710d1548d,0,0.5594632114761684,60,2,0.0,6.0
653bf673-738c-30ca-d90c-0dd710d1548d,0,0.9002776492364646,34,2,4.0,0.0
65598e42-6e52-63e4-f475-2a7ae1c799c8,1,0.6406756131420639,16,2,4.0,4.0
65f4fb4b-6ef2-62f7-9d2a-acc8fc2f00af,0,0.6904211013419713,39,0,1.0,0.5
65fbd1c8-561c-547f-2ade-835209209de0,1,0.8533086534012031,68,4,0.0,3.0
661ba235-31de-4d70-5501-2997b7e81c24,1,0.4881999074502545,15,2,0.0,1.6666666666666667
663bbae0-498a-7076-892a-acc8fc2f00af,0,0.8963442850532161,57,2,5.0,6.0
665e239c-4467-707e-e30c-0dd710d1548d,1,0.8299398426654326,13,6,0.0,3.0
665e578f-353c-312e-f075-2a7ae1c799c8,0,0.46830171217029154,19,11,4.0,0.0
665f6a5b-142e-38ef-d4c1-8e252c39bb73,1,0.8477556686719111,74,2,0.0,0.0
666631ea-6738-5f53-be99-4d3edfe18939,1,0.7258213789912078,39,54,4.0,0.0
66a1b20f-6f48-3f67-f175-2a7ae1c799c8,1,0.7304488662656178,48,55,0.0,1.0
6715e78f-65f0-49c3-7029-0204eeb736fa,1,0.7663118926422953,21,2,3.6666666666666665,0.0
671c2ee5-295f-3722-d4e4-cbefc3792353,0,0.5437297547431744,25,1,3.25,0.0
673381a5-7528-34af-e60c-0dd710d1548d,1,0.9447015270708006,83,8,0.0,0.0
673a1947-1d00-6521-fc0c-0dd710d1548d,1,0.6446089773253123,49,4,4.0,0.6666666666666666
6759b336-2aeb-4d59-fbb5-aae5d250830a,0,0.46899583526145305,50,3,0.0,1.0
6769ad20-6775-292c-e599-4d3edfe18939,1,0.6744562702452568,76,1,1.0,0.0
67758935-77f7-4690-6829-0204eeb736fa,1,0.5006941230911615,12,3,1.0,3.0
67819728-4e2b-3989-de99-4d3edfe18939,1,0.9136973623322536,20,2,6.0,0.0
67923bbf-59fd-327f-16e5-cbefc3792353,1,0.5580749652938455,78,2,0.0,0.0
67fcab41-7204-411c-bc2a-acc8fc2f00af,1,0.8452105506709856,52,2,0.0,0.0
680415a0-5830-519e-12b6-aae5d250830a,1,0.5696436834798704,2,0,0.0,2.5
68069282-2f6b-13ee-4f29-0204eeb736fa,1,0.8021749190189726,27,2,3.0,1.0
68491155-6d4a-2f32-e0c1-8e252c39bb73,0,0.9701527070800555,40,2,5.0,1.0
6850242d-2d33-4623-05c2-8e252c39bb73,0,0.6992133271633503,74,28,0.0,0.0
686d18a3-407c-4d67-7529-0204eeb736fa,0,0.8398889403054142,9,2,5.0,0.0
68743194-63b0-4e1e-d12a-acc8fc2f00af,0,0.9197130957889866,58,2,0.0,0.0
68805570-6a87-6ba5-6201-2997b7e81c24,0,0.8098102730217492,71,2,0.0,0.0
68a11ebb-4b43-1925-5429-0204eeb736fa,1,0.6494678389634428,3,0,1.0,3.0
68a8a545-62e0-60e3-0d0d-0dd710d1548d,1,0.48496066635816754,91,9,3.25,3.0
68c34b70-7f7a-453b-3bb6-aae5d250830a,0,0.8718186024988431,73,1,4.333333333333333,3.0
68efc1d0-6247-4956-bb99-4d3edfe18939,0,0.50925497454882,54,0,3.0,0.0
68f53ffd-1d40-4f40-e375-2a7ae1c799c8,1,0.489356779268857,30,2,2.5,2.0
697bc7f2-20a4-3bb3-b2c1-8e252c39bb73,0,0.6101341971309578,44,56,3.5,0.0
69a44158-6b2f-18dd-fce4-cbefc3792353,0,0.6959740860712633,78,2,6.0,4.0
69adeb8c-569b-36ac-b72a-acc8fc2f00af,0,0.488894030541416,38,8,6.0,3.0
69badedd-678a-4647-a299-4d3edfe18939,1,0.4895881536325775,14,6,6.0,4.0
69e74d64-728e-4c9d-8f29-0204eeb736fa,0,0.7133271633503008,98,0,4.5,2.5
6a11c043-4899-7f34-8329-0204eeb736fa,1,0.5238315594632115,16,57,6.0,3.0
6a2dbf2a-5d42-2a6b-e02a-acc8fc2f00af,1,0.47709393799167055,18,0,1.0,4.0
6a321296-1ff5-1fbb-e20c-0dd710d1548d,1,0.46830171217029154,35,2,1.0,1.0
6a36a53f-676a-6a6e-2f01-2997b7e81c24,0,0.4858861638130495,22,2,5.0,0.0
6a41ed4b-64c5-24b9-c899-4d3edfe18939,1,0.5594632114761684,18,2,1.0,3.0
6a449db5-78de-3ade-72de-835209209de0,1,0.9479407681628875,52,2,2.0,0.0
6a45b95b-46f3-139d-972a-acc8fc2f00af,1,0.5076353540027765,62,2,1.0,0.0
6a9e3911-7b61-3128-6529-0204eeb736fa,1,0.5782045349375289,63,2,3.0,3.5
6aa42d36-2af0-7282-4dde-835209209de0,0,0.46899583526145305,61,2,4.0,0.0
6ad86ddb-4265-5f31-6129-0204eeb736fa,0,0.47963905599259604,7,2,0.0,2.0
6ad8ff46-7382-443a-d30c-0dd710d1548d,1,0.8766774641369737,17,2,0.0,3.0
6ae4a749-6ea6-189c-e00c-0dd710d1548d,1,0.489356779268857,85,1,2.0,0.0
6b0a6384-48f8-6201-b099-4d3edfe18939,1,0.8276260990282277,46,2,3.5,1.5
6b19b4ee-7366-54ac-30de-835209209de0,1,0.560620083294771,54,2,0.0,0.0
6b4b6bff-5a40-7a6f-c475-2a7ae1c799c8,1,0.7505784359093013,52,6,5.0,3.0
6b4ee3ac-36a0-58f9-a12a-acc8fc2f00af,0,0.7501156871818603,84,2,0.0,0.0
6b568c9c-5e94-1f78-43de-835209209de0,0,0.9664507172605276,78,2,4.333333333333333,5.0
6b655150-7119-2794-a629-0204eeb736fa,1,0.7163350300786673,25,2,0.0,0.0
6b6e5a37-6a35-7831-ad75-2a7ae1c799c8,0,0.8637204997686256,72,51,0.0,4.5
6b700a82-2d1a-586f-efc1-8e252c39bb73,1,0.7369273484497918,87,9,0.0,2.5
6bc9b3ab-3c0e-6a81-090d-0dd710d1548d,1,0.8857010643220731,95,2,0.0,3.0
6be49482-2599-2757-35de-835209209de0,0,0.48472929199444703,49,2,4.666666666666667,0.0
6c112468-3598-188e-2ede-835209209de0,1,0.8880148079592781,31,2,0.0,2.0
6c16b445-42ee-430a-8129-0204eeb736fa,0,0.469458583988894,99,8,3.0,4.0
6c1e33e0-573c-726e-902a-acc8fc2f00af,1,0.6510874595094863,11,2,1.0,0.0
6c847b41-3c6c-54eb-e899-4d3edfe18939,1,0.982878297084683,71,2,2.0,4.0
6c8ac0fe-3db2-4aa4-e5c1-8e252c39bb73,1,0.7677001388246182,5,2,5.0,0.0
6c8c2dea-5d2d-746f-0901-2997b7e81c24,1,0.6626561776955113,85,2,1.0,3.6666666666666665
6c9e0002-23f9-4d4e-f875-2a7ae1c799c8,1,0.9757056918093475,5,58,5.0,0.0
6ca5b768-686d-5bcb-74de-835209209de0,1,0.7811198519204072,58,2,6.0,3.0
6cca38a9-719e-1417-35b6-aae5d250830a,0,0.6529384544192504,9,2,0.0,3.0
6cd5811e-3761-6403-c8c1-8e252c39bb73,0,0.9273484497917631,80,2,0.0,1.0
6cd6ff54-539a-79c3-75de-835209209de0,1,0.5987968533086534,68,8,0.5,0.0
6d055731-7ede-2b15-bfc1-8e252c39bb73,0,0.46783896344285053,49,2,3.5,1.5
6d173623-68e7-3a1b-86de-835209209de0,0,0.6705229060620084,38,2,0.0,4.5
6d177019-6ab0-6cb2-d10c-0dd710d1548d,0,0.47084683017121703,75,27,0.0,0.0
6d1e2952-6783-52f1-77de-835209209de0,0,0.8459046737621472,91,2,2.0,2.0
6d2bc7d6-6aaf-7b03-ad99-4d3edfe18939,1,0.7899120777417862,34,3,0.0,0.0
6d3346e1-59a7-7c6e-c3e4-cbefc3792353,1,0.7459509486348913,32,2,3.0,0.0
6d7e63f2-7d5f-61fe-f7c1-8e252c39bb73,1,0.7253586302637668,0,2,6.0,5.0
6d80a13e-6e46-51ac-89de-835209209de0,0,0.5761221656640444,62,59,1.5,0.0
6d812e17-12fc-4450-e475-2a7ae1c799c8,1,0.6698287829708468,24,2,2.0,4.5
6d82c914-268e-4e93-f399-4d3edfe18939,1,0.514345210550671,14,2,3.6666666666666665,4.0
6db0df65-13aa-7da7-33de-835209209de0,1,0.46807033780657104,6,2,1.0,0.0
6dc6993f-211c-41ca-fbc1-8e252c39bb73,1,0.528690421101342,4,2,0.0,0.0
6dd31f86-2e28-33d0-5f01-2997b7e81c24,1,0.469458583988894,74,9,4.0,0.0
6dfc6692-23d8-7392-9729-0204eeb736fa,0,0.906987505784359,31,9,0.0,2.5
6e01a8ef-4a9b-11e2-90de-835209209de0,0,0.48149005090236,94,2,0.0,3.0
6e0c3445-7420-431b-180d-0dd710d1548d,1,0.576816288755206,3,4,6.0,1.0
6e1a5926-2281-5bbb-d02a-acc8fc2f00af,0,0.7033780657103192,5,1,3.0,0.0
6e3f1328-4a68-7035-c52a-acc8fc2f00af,1,0.9123091161499306,27,2,0.0,4.0
6e88ddae-69bb-74a3-d7c1-8e252c39bb73,1,0.6341971309578899,87,2,3.6666666666666665,3.5
6ea3b5cb-2f8b-3f04-a529-0204eeb736fa,1,0.9490976399814901,13,2,2.5,6.0
6eaecb79-4676-5904-9529-0204eeb736fa,0,0.8861638130495141,88,2,5.0,0.0
6ed4c996-741b-3446-eeb5-aae5d250830a,1,0.7906062008329477,25,2,0.0,0.0
6ed98a1b-357c-6808-fde4-cbefc3792353,1,0.8042572882924572,32,1,0.0,5.5
6f17064b-3fee-6ef9-6929-0204eeb736fa,0,0.8977325312355391,45,4,0.0,0.0
6f26a929-7451-2e2e-3eb6-aae5d250830a,1,0.487043035631652,95,2,3.0,4.0
6fae7cc3-64b5-4659-cc0c-0dd710d1548d,0,0.8819990745025451,33,2,3.5,4.0
6fb59c96-3ca8-571d-d675-2a7ae1c799c8,1,0.7512725590004627,53,2,0.0,0.0
70231370-5ede-1cab-3db6-aae5d250830a,1,0.8549282739472467,76,33,0.0,0.0
70a5da4c-5f3b-7bfe-6029-0204eeb736fa,0,0.7762609902822767,2,60,0.0,0.0
70afe252-31db-3797-f80c-0dd710d1548d,1,0.6774641369736233,14,2,0.0,0.0
70b45d19-4a4c-4471-3fde-835209209de0,1,0.9118463674224896,32,2,1.0,2.3333333333333335
70b589ab-28d9-46f9-3cb6-aae5d250830a,1,0.9021286441462286,79,2,0.0,1.0
70bef25f-498b-16c4-2201-2997b7e81c24,1,0.6385932438685794,17,8,2.5,1.0
70eeaa4d-3e95-3af3-38b6-aae5d250830a,0,0.8338732068486812,63,2,1.0,3.0
70f866f2-320e-1f6e-fa99-4d3edfe18939,1,0.8507635354002776,87,2,0.0,0.0
712929e7-477f-6e15-2fde-835209209de0,0,0.6448403516890329,91,1,5.0,0.0
715fed22-5229-7797-ed75-2a7ae1c799c8,1,0.46783896344285053,5,2,0.0,5.0
716af840-20c0-4225-c0e4-cbefc3792353,0,0.8544655252198057,2,3,1.0,1.0
7174e9be-4e51-6187-10b6-aae5d250830a,1,0.49051365108745953,18,61,4.333333333333333,6.0
71bbed1c-6344-73a8-28b6-aae5d250830a,0,0.47339194817214253,88,2,0.0,0.0
71e83c5a-690d-511d-bce4-cbefc3792353,1,0.5349375289217955,3,3,0.0,3.0
71eadc19-5848-44f5-962a-acc8fc2f00af,1,0.4775566867191115,30,2,2.0,0.0
7275ed8d-7dbf-60a8-b299-4d3edfe18939,0,0.5738084220268395,95,2,0.0,4.5
72a081d5-1c1d-5e0e-cec1-8e252c39bb73,1,0.9271170754280426,7,2,1.0,0.0
72b174e1-23b1-297e-dfc1-8e252c39bb73,1,0.7066173068024063,71,2,2.5,0.0
72b98810-41ac-250c-c1e4-cbefc3792353,0,0.48496066635816754,26,2,5.0,6.0
7319f8c3-66ed-62e9-fac1-8e252c39bb73,1,0.8706617306802407,93,2,2.5,3.5
7335539f-1def-175e-0fe5-cbefc3792353,1,0.5578435909301249,75,2,0.0,0.0
73634bf4-2121-4b46-bd99-4d3edfe18939,1,0.46876446089773255,62,2,0.0,5.0
73950775-7731-3e37-cae4-cbefc3792353,1,0.47940768162887554,51,2,0.0,0.0
73af83d6-7833-12a5-d92a-acc8fc2f00af,0,0.9750115687181861,16,16,4.0,3.5
73b0db3f-61be-633f-f9c1-8e252c39bb73,1,0.7646922720962518,96,2,0.0,0.5
73bb604d-50dd-5ef3-59de-835209209de0,1,0.469921332716335,78,2,0.5,6.0
73bf61e5-1196-4c23-3901-2997b7e81c24,0,0.7464136973623322,62,0,0.0,6.0
73c3a83e-701e-7d1b-d075-2a7ae1c799c8,0,0.4881999074502545,80,2,0.0,2.0
73dacf44-1a6c-6d83-c70c-0dd710d1548d,1,0.6048125867653864,53,2,0.0,0.0
73f67479-4388-15ef-ecc1-8e252c39bb73,0,0.9051365108745951,59,2,0.0,2.6666666666666665
73f98f3b-7d86-3449-a599-4d3edfe18939,0,0.4835724201758445,89,2,4.0,2.0
740bc1e7-3405-6448-2801-2997b7e81c24,1,0.6894956038870893,93,2,0.0,0.5
740d97d2-31e9-4655-912a-acc8fc2f00af,0,0.8748264692272096,83,2,0.0,4.0
740e4e7e-1f92-4ba7-d875-2a7ae1c799c8,0,0.9208699676075891,82,25,0.0,0.0
744dbe4b-32cd-6b08-32de-835209209de0,1,0.8924109208699676,63,2,5.0,5.5
7493981b-34d9-12ae-5101-2997b7e81c24,0,0.5761221656640444,3,0,0.0,0.0
74b6a44c-1631-52fc-9a2a-acc8fc2f00af,1,0.6429893567792688,80,8,0.0,0.0
74b7ba43-32dc-154a-ddc1-8e252c39bb73,1,0.5377140212864414,40,62,0.0,5.0
7557cc71-5106-5d07-e1c1-8e252c39bb73,1,0.4729291994447015,47,8,0.0,5.0
755b0978-7dd9-552b-d42a-acc8fc2f00af,1,0.8794539565016196,71,2,4.0,1.0
7575a938-2385-2901-02c2-8e252c39bb73,1,0.8183711244794076,16,8,3.0,4.0
757e211b-4451-3a0e-4301-2997b7e81c24,1,0.8968070337806571,13,63,2.5,0.0
759cf7c8-1d08-5f03-a475-2a7ae1c799c8,0,0.46807033780657104,42,0,1.5,5.5
75d4a542-4c20-6c72-3cde-835209209de0,0,0.983341045812124,50,2,3.0,5.0
7605619c-51a6-6eb2-e50c-0dd710d1548d,0,0.7915316982878297,60,2,2.0,0.0
760647fe-1c61-3d43-4e01-2997b7e81c24,0,0.8142063859324387,98,2,0.0,3.5
7667f7d3-64ba-71f7-bf2a-acc8fc2f00af,1,0.47963905599259604,77,0,0.0,1.3333333333333333
766fcce5-5a19-7760-ab99-4d3edfe18939,1,0.8343359555761222,28,2,4.0,2.0
7671e632-2171-29ba-a429-0204eeb736fa,1,0.5983341045812124,70,2,0.0,2.5
768f6000-7942-210e-87de-835209209de0,0,0.7329939842665433,80,9,2.0,0.0
76f19e79-7669-7fbf-f4b5-aae5d250830a,1,0.6712170291531698,27,14,3.0,0.0
76f66c39-7b8a-1799-a229-0204eeb736fa,0,0.955113373438223,38,8,2.6666666666666665,0.0
77276519-2ac4-54fa-cd2a-acc8fc2f00af,1,0.5608514576584914,70,2,2.0,3.0
77292a63-1ab7-68d8-bee4-cbefc3792353,0,0.8186024988431282,18,2,3.0,2.0
77806490-20af-727b-55de-835209209de0,1,0.9805645534474781,91,2,3.0,0.0
779cd33b-6bd0-5317-ece4-cbefc3792353,0,0.5488199907450254,8,2,0.0,3.0
77b6aa3a-7d4f-2700-4cde-835209209de0,1,0.7221193891716797,38,8,3.0,0.0
77bbde9a-7f1b-2323-b9e4-cbefc3792353,1,0.527302174919019,16,3,4.0,4.5
77c209ce-74f3-5fb9-030d-0dd710d1548d,0,0.47963905599259604,37,2,0.0,0.0
781bbbc3-11c9-5fe3-1db6-aae5d250830a,1,0.6117538176770014,74,2,0.0,5.5
782274f8-2876-11ab-e52a-acc8fc2f00af,1,0.8965756594169366,8,2,0.0,0.0
7825d328-5945-4834-24b6-aae5d250830a,1,0.5615455807496529,84,2,0.0,2.0
7833b8c1-182b-4dfb-fa0c-0dd710d1548d,0,0.7415548357242018,50,2,0.0,0.0
78411e08-6601-3cda-ae99-4d3edfe18939,1,0.478250809810273,54,33,3.0,2.0
7860417e-35a8-22f8-6001-2997b7e81c24,1,0.8521517815826006,96,2,4.0,0.0
78680c45-4a6f-73b6-b075-2a7ae1c799c8,1,0.5099490976399815,44,2,1.0,2.0
78ad74f0-30ea-2f89-5901-2997b7e81c24,1,0.5219805645534474,69,8,0.0,2.0
78e8f9a0-3ac0-77d9-bde4-cbefc3792353,1,0.98149005090236,4,2,4.0,0.0
78fa1633-232b-2aa1-eb0c-0dd710d1548d,0,0.6256362795002314,20,2,3.0,0.0
79161b4a-686b-34ca-942a-acc8fc2f00af,0,0.9359093012494215,80,2,0.0,2.5
7934ce9b-5eba-35c3-19b6-aae5d250830a,1,0.9326700601573346,31,2,5.0,5.0
7956cba0-58c0-2a2b-c12a-acc8fc2f00af,0,0.5617769551133734,92,2,2.0,2.6
7957d4b5-57da-2960-a875-2a7ae1c799c8,0,0.6860249884312818,65,2,0.0,4.0
799e147a-7a5f-1fce-0601-2997b7e81c24,1,0.5974086071263304,51,2,3.0,0.0
79a502c2-708a-1666-7629-0204eeb736fa,0,0.9571957427117076,72,2,6.0,0.0
79c07f7c-7af6-20aa-c775-2a7ae1c799c8,1,0.46922720962517356,50,2,4.0,0.0
79d51775-398f-4350-b5c1-8e252c39bb73,0,0.7371587228135122,17,4,0.0,4.0
7a246db9-317b-1aab-54de-835209209de0,1,0.46783896344285053,11,6,0.0,1.0
7a32f66d-6d11-43d0-5601-2997b7e81c24,0,0.8741323461360482,90,2,4.0,0.0
7a49d1b5-3b3c-74df-f275-2a7ae1c799c8,1,0.8914854234150856,35,4,3.0,6.0
7a5baeea-426a-6f51-cbe4-cbefc3792353,1,0.555067098565479,69,2,0.0,0.0
7a890754-4e10-3ccd-6229-0204eeb736fa,1,0.5275335492827394,25,2,0.0,0.0
7acb3c05-5e51-65ad-4bde-835209209de0,1,0.9187875983341046,21,2,0.0,0.0
7ad3d4b7-4afc-45cf-ff0c-0dd710d1548d,0,0.577279037482647,14,2,0.0,1.0
7ad54819-1116-6403-cc2a-acc8fc2f00af,0,0.7274409995372513,23,2,0.0,4.0
7b51225b-5fed-7b92-45de-835209209de0,1,0.5402591392873669,31,2,3.0,3.0
7b6e6577-4059-6c7d-b1c1-8e252c39bb73,1,0.5798241554835725,77,2,5.0,2.3333333333333335
7b7b1abc-773c-2ceb-f0e4-cbefc3792353,1,0.7744099953725128,56,2,4.0,3.0
7ba6b493-7219-2820-ba99-4d3edfe18939,1,0.46922720962517356,33,2,0.0,0.0
7bd3a055-6f37-5620-e2e4-cbefc3792353,1,0.47130957889865804,45,9,1.0,3.0
7c16d47d-27af-23d2-ffc1-8e252c39bb73,0,0.4840351689032855,93,3,0.0,2.5
7c2dd1d3-48d6-57cd-6dde-835209209de0,0,0.7392410920869967,53,2,0.0,0.0
7c3c9add-22e9-19c6-009a-4d3edfe18939,1,0.46783896344285053,69,2,2.3333333333333335,2.8
7c7084d0-49a7-4209-d975-2a7ae1c799c8,0,0.6372049976862564,76,2,0.0,3.0
7ca5b69b-4359-50d3-f2e4-cbefc3792353,0,0.5906987505784359,3,64,0.0,5.0
7ca97091-6893-3a35-a729-0204eeb736fa,1,0.8725127255900046,75,2,2.0,5.0
7cc1d6cc-118b-3d57-34de-835209209de0,0,0.8778343359555761,50,2,5.0,0.0
7d0ae31e-79ea-18e5-fee4-cbefc3792353,1,0.8697362332253586,85,6,2.0,3.0
7d0d13ba-543d-550b-af99-4d3edfe18939,1,0.5215178158260064,85,0,4.666666666666667,0.5
7d0ea0ec-3a10-75b9-aec1-8e252c39bb73,0,0.5182785747339195,7,8,0.5,4.0
7d2221de-211a-499a-e5e4-cbefc3792353,1,0.46853308653401204,8,2,0.0,6.0
7d3afa1b-1f5f-3cf5-c8e4-cbefc3792353,0,0.6124479407681629,77,4,0.0,0.0
7da0f387-3e01-75e4-17b6-aae5d250830a,0,0.47130957889865804,45,2,1.0,2.0
7dccda98-3bcc-68df-aa75-2a7ae1c799c8,1,0.4854234150856085,8,2,0.0,5.0
7de791e4-19fd-1f90-f5e4-cbefc3792353,1,0.8158260064784821,12,2,0.0,4.0
7deb5a0a-2645-3e68-d299-4d3edfe18939,1,0.7283664969921333,6,2,0.0,0.0
7df3b726-3902-1a77-03b6-aae5d250830a,1,0.7813512262841277,78,11,4.333333333333333,2.5
7dffc738-249f-4e30-8b2a-acc8fc2f00af,1,0.6885701064322073,19,2,0.0,2.0
7e1c9fd4-2dd0-625f-e975-2a7ae1c799c8,1,0.9488662656177695,97,2,0.0,3.0
7e3ba04d-2cd6-240b-91de-835209209de0,0,0.6649699213327164,75,2,0.0,1.0
7e5c7879-5528-3138-db0c-0dd710d1548d,0,0.4696899583526145,38,0,2.0,0.0
7e73bfeb-2689-2afb-3101-2997b7e81c24,1,0.9213327163350301,39,2,3.0,4.0
7ea164c5-20f9-6892-ef75-2a7ae1c799c8,0,0.485654789449329,63,61,0.0,0.0
7ecd8ff1-7495-65c0-cdc1-8e252c39bb73,0,0.979639055992596,84,2,0.0,0.0
7ed5bf1b-40fd-3e52-7a29-0204eeb736fa,1,0.5883850069412309,44,2,0.0,4.0
7ed6c2c0-1852-708e-0c0d-0dd710d1548d,1,0.7281351226284127,12,2,2.5,0.0
7ed6d4f2-4dad-7975-e6c1-8e252c39bb73,1,0.593475242943082,65,2,0.0,3.0
7ef6cb0d-70d2-7d69-4b29-0204eeb736fa,1,0.987505784359093,6,2,0.0,0.0
7f1487e4-3e0e-40a0-b675-2a7ae1c799c8,1,0.8322535863026377,43,2,4.0,6.0
7f17104c-30e1-48f4-9c99-4d3edfe18939,1,0.9312818139750115,65,2,3.0,0.0
7f175d4e-2d4f-2d8b-2db6-aae5d250830a,1,0.5534474780194355,10,2,0.0,4.0
7f5c9598-15eb-5894-d20c-0dd710d1548d,1,0.982415548357242,34,8,2.0,0.0
7f83923c-5dfe-27b1-f3e4-cbefc3792353,1,0.47963905599259604,23,2,2.0,0.0
7fc60d60-1658-6206-ac75-2a7ae1c799c8,0,0.9817214252660805,15,2,0.0,0.0
